Country Name,Country Code,Year,Value
Arab World,ARB,2012,4.7
Arab World,ARB,2014,4.2
Arab World,ARB,2015,3.8
Caribbean small states,CSS,2012,29
Caribbean small states,CSS,2014,27.4
Caribbean small states,CSS,2015,31.5
Central Europe and the Baltics,CEB,2012,1.6
Central Europe and the Baltics,CEB,2014,1.3
Central Europe and the Baltics,CEB,2015,1.3
Early-demographic dividend,EAR,2012,6.8
Early-demographic dividend,EAR,2014,6.3
Early-demographic dividend,EAR,2015,6
East Asia & Pacific,EAS,2012,2
East Asia & Pacific,EAS,2014,1.5
East Asia & Pacific,EAS,2015,1.4
East Asia & Pacific (excluding high income),EAP,2012,2.1
East Asia & Pacific (excluding high income),EAP,2014,1.6
East Asia & Pacific (excluding high income),EAP,2015,1.5
East Asia & Pacific (IDA & IBRD countries),TEA,2012,2.1
East Asia & Pacific (IDA & IBRD countries),TEA,2014,1.5
East Asia & Pacific (IDA & IBRD countries),TEA,2015,1.4
Euro area,EMU,2012,1.1
Euro area,EMU,2014,1
Euro area,EMU,2015,1
Europe & Central Asia,ECS,2012,3.1
Europe & Central Asia,ECS,2014,3
Europe & Central Asia,ECS,2015,3.3
Europe & Central Asia (excluding high income),ECA,2012,5.6
Europe & Central Asia (excluding high income),ECA,2014,5.5
Europe & Central Asia (excluding high income),ECA,2015,6.1
Europe & Central Asia (IDA & IBRD countries),TEC,2012,5.2
Europe & Central Asia (IDA & IBRD countries),TEC,2014,5.1
Europe & Central Asia (IDA & IBRD countries),TEC,2015,5.7
European Union,EUU,2012,1.1
European Union,EUU,2014,1
European Union,EUU,2015,1
Fragile and conflict affected situations,FCS,2012,12.6
Fragile and conflict affected situations,FCS,2014,7.5
Fragile and conflict affected situations,FCS,2015,7.6
Heavily indebted poor countries (HIPC),HPC,2012,12.6
Heavily indebted poor countries (HIPC),HPC,2014,8.3
Heavily indebted poor countries (HIPC),HPC,2015,8.1
High income,HIC,2012,2.2
High income,HIC,2014,2
High income,HIC,2015,2.2
IBRD only,IBD,2012,5.8
IBRD only,IBD,2014,5.6
IBRD only,IBD,2015,5.6
IDA & IBRD total,IBT,2012,7
IDA & IBRD total,IBT,2014,5.9
IDA & IBRD total,IBT,2015,5.9
IDA blend,IDB,2012,11.9
IDA blend,IDB,2014,8
IDA blend,IDB,2015,7.7
IDA only,IDX,2012,10.4
IDA only,IDX,2014,6.7
IDA only,IDX,2015,6.5
IDA total,IDA,2012,10.9
IDA total,IDA,2014,7.1
IDA total,IDA,2015,6.9
Late-demographic dividend,LTE,2012,5
Late-demographic dividend,LTE,2014,4.6
Late-demographic dividend,LTE,2015,4.8
Latin America & Caribbean,LCN,2012,23.2
Latin America & Caribbean,LCN,2014,22.5
Latin America & Caribbean,LCN,2015,22.3
Latin America & Caribbean (excluding high income),LAC,2012,23.9
Latin America & Caribbean (excluding high income),LAC,2014,23.2
Latin America & Caribbean (excluding high income),LAC,2015,23
Latin America & the Caribbean (IDA & IBRD countries),TLA,2012,23.6
Latin America & the Caribbean (IDA & IBRD countries),TLA,2014,22.9
Latin America & the Caribbean (IDA & IBRD countries),TLA,2015,22.7
Least developed countries: UN classification,LDC,2012,10
Least developed countries: UN classification,LDC,2014,6.3
Least developed countries: UN classification,LDC,2015,6.2
Low & middle income,LMY,2012,7
Low & middle income,LMY,2014,6
Low & middle income,LMY,2015,5.9
Low income,LIC,2012,11.4
Low income,LIC,2014,7.4
Low income,LIC,2015,7.3
Lower middle income,LMC,2012,5.9
Lower middle income,LMC,2014,4.6
Lower middle income,LMC,2015,4.6
Middle East & North Africa,MEA,2012,3.8
Middle East & North Africa,MEA,2014,3.9
Middle East & North Africa,MEA,2015,3.4
Middle East & North Africa (excluding high income),MNA,2012,4.2
Middle East & North Africa (excluding high income),MNA,2014,3.9
Middle East & North Africa (excluding high income),MNA,2015,3.7
Middle East & North Africa (IDA & IBRD countries),TMN,2012,4.2
Middle East & North Africa (IDA & IBRD countries),TMN,2014,3.9
Middle East & North Africa (IDA & IBRD countries),TMN,2015,3.8
Middle income,MIC,2012,6.5
Middle income,MIC,2014,5.8
Middle income,MIC,2015,5.7
North America,NAC,2012,4.4
North America,NAC,2014,3.6
North America,NAC,2015,4.6
OECD members,OED,2012,4
OECD members,OED,2014,3.3
OECD members,OED,2015,3.6
Other small states,OSS,2012,11.4
Other small states,OSS,2014,10
Other small states,OSS,2015,9.2
Pacific island small states,PSS,2012,4
Pacific island small states,PSS,2014,3.5
Pacific island small states,PSS,2015,3.4
Post-demographic dividend,PST,2012,2.2
Post-demographic dividend,PST,2014,1.9
Post-demographic dividend,PST,2015,2.3
Pre-demographic dividend,PRE,2012,13.3
Pre-demographic dividend,PRE,2014,8.2
Pre-demographic dividend,PRE,2015,8.1
Small states,SST,2012,14.4
Small states,SST,2014,13
Small states,SST,2015,13
South Asia,SAS,2012,3.9
South Asia,SAS,2014,3.7
South Asia,SAS,2015,3.6
South Asia (IDA & IBRD),TSA,2012,3.9
South Asia (IDA & IBRD),TSA,2014,3.7
South Asia (IDA & IBRD),TSA,2015,3.6
Sub-Saharan Africa,SSF,2012,14.4
Sub-Saharan Africa,SSF,2014,9.5
Sub-Saharan Africa,SSF,2015,9.4
Sub-Saharan Africa (excluding high income),SSA,2012,14.4
Sub-Saharan Africa (excluding high income),SSA,2014,9.5
Sub-Saharan Africa (excluding high income),SSA,2015,9.4
Sub-Saharan Africa (IDA & IBRD countries),TSS,2012,14.4
Sub-Saharan Africa (IDA & IBRD countries),TSS,2014,9.5
Sub-Saharan Africa (IDA & IBRD countries),TSS,2015,9.4
Upper middle income,UMC,2012,7.2
Upper middle income,UMC,2014,7.2
Upper middle income,UMC,2015,7
World,WLD,2012,6.2
World,WLD,2014,5.3
World,WLD,2015,5.3
Afghanistan,AFG,2009,4.1
Afghanistan,AFG,2010,3.5
Afghanistan,AFG,2011,4.3
Afghanistan,AFG,2012,6.6
Albania,ALB,1995,6.68555175858664
Albania,ALB,1996,7.96762317768731
Albania,ALB,1997,49.8722145785992
Albania,ALB,1998,18.6097146607852
Albania,ALB,1999,16.1420237736862
Albania,ALB,2005,5
Albania,ALB,2006,3.1
Albania,ALB,2007,3.5
Albania,ALB,2008,3.1
Albania,ALB,2009,2.9
Albania,ALB,2010,4.4
Albania,ALB,2011,4.9
Albania,ALB,2012,5.5
Albania,ALB,2013,4.3
Albania,ALB,2014,4
Albania,ALB,2015,2.3
Algeria,DZA,2003,2
Algeria,DZA,2004,1.4
Algeria,DZA,2005,0.6
Algeria,DZA,2006,0.9
Algeria,DZA,2007,0.8
Algeria,DZA,2008,0.9
Algeria,DZA,2009,0.8
Algeria,DZA,2010,0.7
Algeria,DZA,2011,0.8
Algeria,DZA,2012,1.4
Algeria,DZA,2013,1.3
Algeria,DZA,2014,1.5
Algeria,DZA,2015,1.4
Andorra,AND,2004,1.3
Andorra,AND,2007,0
Andorra,AND,2008,1.2
Andorra,AND,2009,1.2
Andorra,AND,2010,1.2
Andorra,AND,2011,1.2
Andorra,AND,2012,0
Andorra,AND,2013,0
Andorra,AND,2014,0
Andorra,AND,2015,0
Angola,AGO,2005,11.5
Angola,AGO,2010,10.5
Angola,AGO,2015,9.6
Antigua and Barbuda,ATG,2000,6.4
Antigua and Barbuda,ATG,2001,8.9
Antigua and Barbuda,ATG,2002,6.2
Antigua and Barbuda,ATG,2003,6.2
Antigua and Barbuda,ATG,2004,4.9
Antigua and Barbuda,ATG,2005,3.6
Antigua and Barbuda,ATG,2006,13.2
Antigua and Barbuda,ATG,2007,20.1
Antigua and Barbuda,ATG,2008,18.7
Antigua and Barbuda,ATG,2009,18.5
Antigua and Barbuda,ATG,2010,6.9
Antigua and Barbuda,ATG,2012,11.2
Argentina,ARG,1995,7.81232965219497
Argentina,ARG,1996,8.50452118312994
Argentina,ARG,1997,9.14183533726191
Argentina,ARG,1998,7.21468335012147
Argentina,ARG,1999,7.30138168796505
Argentina,ARG,2014,7.5
Argentina,ARG,2015,6.5
Armenia,ARM,1995,3.59893806506818
Armenia,ARM,1996,3.59373743965122
Armenia,ARM,1997,3.18995953855321
Armenia,ARM,1998,2.99121836183514
Armenia,ARM,1999,2.91203329813009
Armenia,ARM,2004,2.7
Armenia,ARM,2005,1.9
Armenia,ARM,2006,2.6
Armenia,ARM,2007,2.6
Armenia,ARM,2008,3.3
Armenia,ARM,2009,3.3
Armenia,ARM,2010,1.9
Armenia,ARM,2011,2.4
Armenia,ARM,2012,2.2
Armenia,ARM,2013,2
Armenia,ARM,2014,2.4
Armenia,ARM,2015,2.5
Aruba,ABW,2002,5.3
Aruba,ABW,2003,4.1
Aruba,ABW,2004,2
Aruba,ABW,2005,12
Aruba,ABW,2006,9.9
Aruba,ABW,2007,5.9
Aruba,ABW,2008,4.9
Aruba,ABW,2009,3.9
Aruba,ABW,2010,3.9
Australia,AUS,1995,1.79927428534592
Australia,AUS,1996,1.70309051429349
Australia,AUS,1997,1.73277921105429
Australia,AUS,1998,1.52122687961993
Australia,AUS,1999,1.81022756407651
Australia,AUS,2000,1.9
Australia,AUS,2001,1.8
Australia,AUS,2002,1.9
Australia,AUS,2003,1.7
Australia,AUS,2004,1.5
Australia,AUS,2005,1.3
Australia,AUS,2006,1.4
Australia,AUS,2007,1.2
Australia,AUS,2008,1.2
Australia,AUS,2009,1.2
Australia,AUS,2010,1
Australia,AUS,2011,1.1
Australia,AUS,2012,1.1
Australia,AUS,2013,1.1
Australia,AUS,2014,1
Australia,AUS,2015,1
Austria,AUT,1995,1.03331508650107
Austria,AUT,1996,1.24364609902136
Austria,AUT,1997,0.827944065604281
Austria,AUT,1998,0.96538202736996
Austria,AUT,1999,0.751437688156866
Austria,AUT,2000,1
Austria,AUT,2001,0.9
Austria,AUT,2002,0.8
Austria,AUT,2003,0.6
Austria,AUT,2004,0.7
Austria,AUT,2005,0.7
Austria,AUT,2006,0.7
Austria,AUT,2007,0.5
Austria,AUT,2008,0.7
Austria,AUT,2009,0.6
Austria,AUT,2010,0.7
Austria,AUT,2011,0.9
Austria,AUT,2012,0.9
Austria,AUT,2013,0.7
Austria,AUT,2014,0.5
Austria,AUT,2015,0.5
Azerbaijan,AZE,2000,2.8
Azerbaijan,AZE,2001,2.7
Azerbaijan,AZE,2002,2.6
Azerbaijan,AZE,2003,2.2
Azerbaijan,AZE,2004,2.4
Azerbaijan,AZE,2005,2.2
Azerbaijan,AZE,2006,2.2
Azerbaijan,AZE,2007,2
Azerbaijan,AZE,2008,1.9
Azerbaijan,AZE,2009,1.8
Azerbaijan,AZE,2010,2.1
Azerbaijan,AZE,2012,2.2
Azerbaijan,AZE,2013,2.3
Azerbaijan,AZE,2014,2.5
"Bahamas, The",BHS,2000,24.8
"Bahamas, The",BHS,2001,14.2
"Bahamas, The",BHS,2002,16.8
"Bahamas, The",BHS,2003,15.8
"Bahamas, The",BHS,2004,13.6
"Bahamas, The",BHS,2005,15.8
"Bahamas, The",BHS,2006,18.2
"Bahamas, The",BHS,2007,22.8
"Bahamas, The",BHS,2008,20.9
"Bahamas, The",BHS,2009,24.5
"Bahamas, The",BHS,2010,26.1
"Bahamas, The",BHS,2011,34.6
"Bahamas, The",BHS,2012,29.8
Bahrain,BHR,2001,1.3
Bahrain,BHR,2002,1.1
Bahrain,BHR,2003,0.4
Bahrain,BHR,2004,0.9
Bahrain,BHR,2005,0.5
Bahrain,BHR,2006,0.7
Bahrain,BHR,2007,0.4
Bahrain,BHR,2008,0.5
Bahrain,BHR,2009,1.1
Bahrain,BHR,2010,0.9
Bahrain,BHR,2011,0.5
Bangladesh,BGD,2000,2.5
Bangladesh,BGD,2001,2.7
Bangladesh,BGD,2002,2.6
Bangladesh,BGD,2003,2.5
Bangladesh,BGD,2004,2.8
Bangladesh,BGD,2005,2.5
Bangladesh,BGD,2006,2.9
Bangladesh,BGD,2007,2.6
Bangladesh,BGD,2008,2.8
Bangladesh,BGD,2009,2.8
Bangladesh,BGD,2010,2.6
Bangladesh,BGD,2011,2.6
Bangladesh,BGD,2012,2.6
Bangladesh,BGD,2013,2.8
Bangladesh,BGD,2014,2.8
Bangladesh,BGD,2015,2.5
Barbados,BRB,1998,7.52046506555965
Barbados,BRB,1999,8.62204694892
Barbados,BRB,2000,7.4
Barbados,BRB,2001,9.2
Barbados,BRB,2002,9.2
Barbados,BRB,2003,12.1
Barbados,BRB,2004,8.1
Barbados,BRB,2005,10.6
Barbados,BRB,2006,12.7
Barbados,BRB,2007,9.8
Barbados,BRB,2008,9
Barbados,BRB,2009,6.8
Barbados,BRB,2010,11.1
Barbados,BRB,2011,9.6
Barbados,BRB,2012,7.8
Barbados,BRB,2013,8.5
Barbados,BRB,2014,8.8
Barbados,BRB,2015,10.9
Belarus,BLR,1995,9.34376499808112
Belarus,BLR,1996,9.46863023280921
Belarus,BLR,1997,10.0055054779408
Belarus,BLR,1998,10.1994514545983
Belarus,BLR,1999,9.6363914464461
Belarus,BLR,2000,10.2
Belarus,BLR,2001,9.8
Belarus,BLR,2002,10.1
Belarus,BLR,2003,9
Belarus,BLR,2004,8.4
Belarus,BLR,2005,8.6
Belarus,BLR,2006,7.7
Belarus,BLR,2007,6.8
Belarus,BLR,2008,5.7
Belarus,BLR,2009,5
Belarus,BLR,2010,5.1
Belarus,BLR,2011,3.9
Belarus,BLR,2012,3.6
Belarus,BLR,2013,3.5
Belarus,BLR,2014,3.6
Belgium,BEL,2000,2.1
Belgium,BEL,2001,2.7
Belgium,BEL,2002,3.1
Belgium,BEL,2003,2.2
Belgium,BEL,2004,2.6
Belgium,BEL,2005,2.1
Belgium,BEL,2006,2.1
Belgium,BEL,2007,2
Belgium,BEL,2008,1.9
Belgium,BEL,2009,1.7
Belgium,BEL,2010,1.7
Belgium,BEL,2011,1.9
Belgium,BEL,2012,1.9
Belgium,BEL,2013,1.8
Belgium,BEL,2014,1.9
Belgium,BEL,2015,1.9
Belize,BLZ,2000,16.6
Belize,BLZ,2001,25.1
Belize,BLZ,2002,33.2
Belize,BLZ,2003,24.9
Belize,BLZ,2004,28.6
Belize,BLZ,2005,28.6
Belize,BLZ,2006,31.6
Belize,BLZ,2007,32.5
Belize,BLZ,2008,33.6
Belize,BLZ,2009,61.8
Belize,BLZ,2010,40.1
Belize,BLZ,2011,37.7
Belize,BLZ,2012,43.1
Belize,BLZ,2013,28.8
Belize,BLZ,2014,34.4
Benin,BEN,2005,7
Benin,BEN,2010,6.4
Benin,BEN,2015,6
Bermuda,BMU,1996,6.48287710085736
Bermuda,BMU,1997,3.22632682690757
Bermuda,BMU,1998,0
Bermuda,BMU,1999,3.19718647590121
Bermuda,BMU,2000,0
Bermuda,BMU,2001,4.7
Bermuda,BMU,2002,1.5
Bermuda,BMU,2003,3.1
Bermuda,BMU,2004,1.5
Bermuda,BMU,2005,3.1
Bermuda,BMU,2006,4.6
Bermuda,BMU,2007,4.6
Bermuda,BMU,2008,7.7
Bermuda,BMU,2009,9.3
Bermuda,BMU,2010,10.9
Bermuda,BMU,2011,12.6
Bermuda,BMU,2012,9.5
Bermuda,BMU,2013,8
Bermuda,BMU,2014,6.4
Bermuda,BMU,2015,6.5
Bhutan,BTN,2008,2
Bhutan,BTN,2009,1.4
Bhutan,BTN,2010,1.9
Bhutan,BTN,2011,3
Bhutan,BTN,2012,3.9
Bhutan,BTN,2013,2.5
Bhutan,BTN,2014,2.7
Bolivia,BOL,2005,7.2
Bolivia,BOL,2006,6.4
Bolivia,BOL,2007,8.3
Bolivia,BOL,2008,8.9
Bolivia,BOL,2009,8.6
Bolivia,BOL,2010,10.6
Bolivia,BOL,2011,10.2
Bolivia,BOL,2012,12.4
Bosnia and Herzegovina,BIH,2009,1.9
Bosnia and Herzegovina,BIH,2010,1.5
Bosnia and Herzegovina,BIH,2011,1.3
Bosnia and Herzegovina,BIH,2012,1.6
Bosnia and Herzegovina,BIH,2013,1.2
Bosnia and Herzegovina,BIH,2014,1.3
Bosnia and Herzegovina,BIH,2015,1.5
Botswana,BWA,2001,12.1
Botswana,BWA,2002,14.3
Botswana,BWA,2003,17.2
Botswana,BWA,2004,14.1
Botswana,BWA,2005,15.6
Botswana,BWA,2006,13.8
Botswana,BWA,2007,14.5
Botswana,BWA,2008,14.3
Botswana,BWA,2009,14.4
Botswana,BWA,2010,14.8
Botswana,BWA,2011,10.5
Brazil,BRA,2007,23.1
Brazil,BRA,2008,23.6
Brazil,BRA,2009,22.6
Brazil,BRA,2010,21.8
Brazil,BRA,2011,24
Brazil,BRA,2012,26.2
Brazil,BRA,2013,26.5
Brazil,BRA,2014,27.7
Brazil,BRA,2015,26.7
British Virgin Islands,VGB,1996,10.8
British Virgin Islands,VGB,1997,0
British Virgin Islands,VGB,1998,0
British Virgin Islands,VGB,1999,5
British Virgin Islands,VGB,2000,0
British Virgin Islands,VGB,2001,4.7
British Virgin Islands,VGB,2002,4.6
British Virgin Islands,VGB,2003,9
British Virgin Islands,VGB,2004,17.7
British Virgin Islands,VGB,2006,8.4
Brunei Darussalam,BRN,2003,0.9
Brunei Darussalam,BRN,2004,0.6
Brunei Darussalam,BRN,2005,0.6
Brunei Darussalam,BRN,2006,0.8
Brunei Darussalam,BRN,2007,0.8
Brunei Darussalam,BRN,2008,0.3
Brunei Darussalam,BRN,2009,0.8
Brunei Darussalam,BRN,2010,0.3
Brunei Darussalam,BRN,2013,0.5
Bulgaria,BGR,1995,5.91147812800959
Bulgaria,BGR,1996,5.29432391664897
Bulgaria,BGR,1997,4.85483790696472
Bulgaria,BGR,1998,4.68618316408135
Bulgaria,BGR,1999,4.05353090433035
Bulgaria,BGR,2003,3.2
Bulgaria,BGR,2004,3.2
Bulgaria,BGR,2005,2.6
Bulgaria,BGR,2006,2.4
Bulgaria,BGR,2007,2.3
Bulgaria,BGR,2008,2.3
Bulgaria,BGR,2009,2
Bulgaria,BGR,2010,2
Bulgaria,BGR,2011,1.7
Bulgaria,BGR,2012,1.9
Bulgaria,BGR,2013,1.5
Bulgaria,BGR,2014,1.6
Bulgaria,BGR,2015,1.8
Burkina Faso,BFA,2005,0.6
Burkina Faso,BFA,2006,0.7
Burkina Faso,BFA,2007,0.8
Burkina Faso,BFA,2008,0.9
Burkina Faso,BFA,2009,0.6
Burkina Faso,BFA,2010,0.6
Burkina Faso,BFA,2011,0.6
Burkina Faso,BFA,2012,0.7
Burundi,BDI,2008,3.9
Burundi,BDI,2009,4.1
Burundi,BDI,2010,3.7
Burundi,BDI,2011,3.6
Burundi,BDI,2012,4.5
Burundi,BDI,2013,4
Burundi,BDI,2014,4
Cabo Verde,CPV,2007,6
Cabo Verde,CPV,2008,7
Cabo Verde,CPV,2009,7.8
Cabo Verde,CPV,2010,8
Cabo Verde,CPV,2011,10.7
Cabo Verde,CPV,2012,11.2
Cabo Verde,CPV,2013,10.6
Cabo Verde,CPV,2014,12.6
Cabo Verde,CPV,2015,8.8
Cambodia,KHM,1995,3.5544070035964
Cambodia,KHM,1996,4.72996523737357
Cambodia,KHM,1997,6.75975926391762
Cambodia,KHM,1998,6.6159814078408
Cambodia,KHM,1999,4.75278405983305
Cambodia,KHM,2001,3.3
Cambodia,KHM,2002,3.4
Cambodia,KHM,2003,3.9
Cambodia,KHM,2004,3.9
Cambodia,KHM,2005,3.4
Cambodia,KHM,2006,3.3
Cambodia,KHM,2007,3.3
Cambodia,KHM,2008,2.5
Cambodia,KHM,2009,2.5
Cambodia,KHM,2010,2.3
Cambodia,KHM,2011,1.8
Cameroon,CMR,2008,4
Cameroon,CMR,2009,6.4
Cameroon,CMR,2010,4.9
Cameroon,CMR,2011,3.4
Cameroon,CMR,2012,4
Cameroon,CMR,2013,2.9
Cameroon,CMR,2014,2.6
Cameroon,CMR,2015,5.9
Canada,CAN,1995,1.83604638194433
Canada,CAN,1996,1.94373499056291
Canada,CAN,1997,1.75207959788065
Canada,CAN,1998,1.68028315892703
Canada,CAN,1999,1.5863704840566
Canada,CAN,2000,1.6
Canada,CAN,2001,1.8
Canada,CAN,2002,1.7
Canada,CAN,2003,1.7
Canada,CAN,2004,2
Canada,CAN,2005,2.1
Canada,CAN,2006,1.9
Canada,CAN,2007,1.8
Canada,CAN,2008,1.8
Canada,CAN,2009,1.8
Canada,CAN,2010,1.6
Canada,CAN,2011,1.8
Canada,CAN,2012,1.6
Canada,CAN,2013,1.4
Canada,CAN,2014,1.5
Canada,CAN,2015,1.7
Cayman Islands,CYM,1998,2.8
Cayman Islands,CYM,2000,9.6
Cayman Islands,CYM,2001,4.9
Cayman Islands,CYM,2002,0
Cayman Islands,CYM,2003,7.4
Cayman Islands,CYM,2004,12.3
Cayman Islands,CYM,2006,2
Cayman Islands,CYM,2007,3.9
Cayman Islands,CYM,2008,7.6
Cayman Islands,CYM,2009,14.7
Central African Republic,CAF,2005,14.9
Central African Republic,CAF,2010,13.6
Central African Republic,CAF,2015,13.1
Chad,TCD,2005,10.7
Chad,TCD,2010,9.7
Chad,TCD,2015,9
Chile,CHL,2003,3.3
Chile,CHL,2005,3.6
Chile,CHL,2006,3.6
Chile,CHL,2007,3.7
Chile,CHL,2008,3.5
Chile,CHL,2009,3.7
Chile,CHL,2010,3.2
Chile,CHL,2011,3.7
Chile,CHL,2012,2.5
Chile,CHL,2013,3.2
Chile,CHL,2014,3.6
China,CHN,2002,2
China,CHN,2003,1.9
China,CHN,2004,1.9
China,CHN,2005,1.6
China,CHN,2006,1.4
China,CHN,2007,1.2
China,CHN,2008,1.1
China,CHN,2009,1.1
China,CHN,2010,1
China,CHN,2011,0.9
China,CHN,2012,0.8
China,CHN,2013,0.8
China,CHN,2014,0.7
Colombia,COL,1995,69.6726338112749
Colombia,COL,1996,71.7868996641331
Colombia,COL,1997,67.1845498883999
Colombia,COL,1998,60.0846549498988
Colombia,COL,1999,62.2924485456268
Colombia,COL,2000,65.7
Colombia,COL,2001,67.9
Colombia,COL,2002,68.3
Colombia,COL,2003,53.4
Colombia,COL,2004,44.6
Colombia,COL,2005,39.5
Colombia,COL,2006,36.8
Colombia,COL,2007,34.8
Colombia,COL,2008,33.2
Colombia,COL,2009,34
Colombia,COL,2010,32.7
Colombia,COL,2011,34.1
Colombia,COL,2012,31.3
Colombia,COL,2013,32.6
Colombia,COL,2014,27.9
Colombia,COL,2015,26.5
Comoros,COM,2005,9.4
Comoros,COM,2010,8.4
Comoros,COM,2015,7.6
"Congo, Dem. Rep.",COD,2005,14.3
"Congo, Dem. Rep.",COD,2010,14
"Congo, Dem. Rep.",COD,2015,13.4
"Congo, Rep.",COG,2005,11.3
"Congo, Rep.",COG,2010,10.6
"Congo, Rep.",COG,2015,10.1
Costa Rica,CRI,1995,5.30424760689068
Costa Rica,CRI,1996,5.31332449653439
Costa Rica,CRI,1997,5.75616396076708
Costa Rica,CRI,1998,5.98837933602775
Costa Rica,CRI,1999,6.39435584564182
Costa Rica,CRI,2000,6.3
Costa Rica,CRI,2001,6.4
Costa Rica,CRI,2002,6.3
Costa Rica,CRI,2003,7.3
Costa Rica,CRI,2004,6.7
Costa Rica,CRI,2005,7.9
Costa Rica,CRI,2006,8.1
Costa Rica,CRI,2007,8.4
Costa Rica,CRI,2008,11.6
Costa Rica,CRI,2009,11.7
Costa Rica,CRI,2010,11.6
Costa Rica,CRI,2011,10.3
Costa Rica,CRI,2012,8.7
Costa Rica,CRI,2013,8.7
Costa Rica,CRI,2014,10
Costa Rica,CRI,2015,11.8
Cote d'Ivoire,CIV,2005,14.9
Cote d'Ivoire,CIV,2010,12.8
Cote d'Ivoire,CIV,2015,11.8
Croatia,HRV,1995,3.55536441307252
Croatia,HRV,1996,2.61987765600835
Croatia,HRV,1997,2.55113622851262
Croatia,HRV,1998,2.85855062318586
Croatia,HRV,1999,2.66517358209461
Croatia,HRV,2000,2.3
Croatia,HRV,2001,1.8
Croatia,HRV,2002,1.7
Croatia,HRV,2003,1.5
Croatia,HRV,2004,1.9
Croatia,HRV,2005,1.5
Croatia,HRV,2006,1.6
Croatia,HRV,2007,1.4
Croatia,HRV,2008,1.5
Croatia,HRV,2009,1.1
Croatia,HRV,2010,1.4
Croatia,HRV,2011,1.1
Croatia,HRV,2012,1.2
Croatia,HRV,2013,1.1
Croatia,HRV,2014,0.8
Croatia,HRV,2015,0.9
Cuba,CUB,2001,5.4
Cuba,CUB,2002,5.9
Cuba,CUB,2003,5.7
Cuba,CUB,2004,5.9
Cuba,CUB,2005,6.1
Cuba,CUB,2006,5.1
Cuba,CUB,2007,5
Cuba,CUB,2008,4.6
Cuba,CUB,2009,5
Cuba,CUB,2010,4.5
Cuba,CUB,2011,4.7
Cyprus,CYP,2004,1.6
Cyprus,CYP,2005,1.9
Cyprus,CYP,2006,1.4
Cyprus,CYP,2007,1.2
Cyprus,CYP,2008,0.8
Cyprus,CYP,2009,1.7
Cyprus,CYP,2010,0.7
Cyprus,CYP,2011,0.8
Cyprus,CYP,2012,1.9
Cyprus,CYP,2013,1.1
Cyprus,CYP,2014,1
Cyprus,CYP,2015,1.3
Czech Republic,CZE,1995,1.70553592735657
Czech Republic,CZE,1996,1.67797993717953
Czech Republic,CZE,1997,1.81624213868242
Czech Republic,CZE,1998,1.69281992375111
Czech Republic,CZE,1999,1.67635852045767
Czech Republic,CZE,2000,1.8
Czech Republic,CZE,2001,1.4
Czech Republic,CZE,2002,1.5
Czech Republic,CZE,2003,1.6
Czech Republic,CZE,2004,1.3
Czech Republic,CZE,2005,1.1
Czech Republic,CZE,2006,1.3
Czech Republic,CZE,2007,1.2
Czech Republic,CZE,2008,1.1
Czech Republic,CZE,2009,0.9
Czech Republic,CZE,2010,1
Czech Republic,CZE,2011,0.8
Czech Republic,CZE,2012,1
Czech Republic,CZE,2013,0.9
Czech Republic,CZE,2014,0.7
Czech Republic,CZE,2015,0.7
Denmark,DNK,1995,1.14649009700071
Denmark,DNK,1996,1.31298198569687
Denmark,DNK,1997,1.6674334334046
Denmark,DNK,1998,0.924589534137072
Denmark,DNK,1999,0.977353957005448
Denmark,DNK,2000,1.1
Denmark,DNK,2001,0.97
Denmark,DNK,2002,1
Denmark,DNK,2003,1.2
Denmark,DNK,2004,0.8
Denmark,DNK,2005,1
Denmark,DNK,2006,0.5
Denmark,DNK,2007,0.7
Denmark,DNK,2008,1
Denmark,DNK,2009,0.9
Denmark,DNK,2010,0.8
Denmark,DNK,2011,0.8
Denmark,DNK,2012,0.8
Denmark,DNK,2013,0.9
Denmark,DNK,2014,1.3
Denmark,DNK,2015,1
Djibouti,DJI,2005,8.2
Djibouti,DJI,2010,7.6
Djibouti,DJI,2015,6.8
Dominica,DMA,2000,2.9
Dominica,DMA,2001,1.4
Dominica,DMA,2002,12.9
Dominica,DMA,2003,11.4
Dominica,DMA,2004,11.4
Dominica,DMA,2005,11.3
Dominica,DMA,2006,7.1
Dominica,DMA,2007,9.9
Dominica,DMA,2008,9.9
Dominica,DMA,2009,18.3
Dominica,DMA,2010,21.1
Dominica,DMA,2011,8.4
Dominican Republic,DOM,1995,12.720574702175
Dominican Republic,DOM,1996,12.8122870826323
Dominican Republic,DOM,1997,12.6730332990665
Dominican Republic,DOM,1998,13.465983076827
Dominican Republic,DOM,1999,12.6032079775233
Dominican Republic,DOM,2000,14.1
Dominican Republic,DOM,2001,12.6
Dominican Republic,DOM,2002,14.5
Dominican Republic,DOM,2003,21.2
Dominican Republic,DOM,2004,24.6
Dominican Republic,DOM,2005,25.9
Dominican Republic,DOM,2006,22.9
Dominican Republic,DOM,2007,22.2
Dominican Republic,DOM,2008,24.8
Dominican Republic,DOM,2009,24.3
Dominican Republic,DOM,2010,25
Dominican Republic,DOM,2011,25.1
Dominican Republic,DOM,2012,22.3
Dominican Republic,DOM,2014,17.4
Ecuador,ECU,2000,14.5
Ecuador,ECU,2001,12.9
Ecuador,ECU,2002,14.6
Ecuador,ECU,2003,14.6
Ecuador,ECU,2004,17.7
Ecuador,ECU,2005,15.4
Ecuador,ECU,2006,17.1
Ecuador,ECU,2007,16
Ecuador,ECU,2008,18
Ecuador,ECU,2009,17.9
Ecuador,ECU,2010,17.7
Ecuador,ECU,2011,15.5
Ecuador,ECU,2012,12.5
Ecuador,ECU,2013,11
Ecuador,ECU,2014,8.2
"Egypt, Arab Rep.",EGY,2003,0.7
"Egypt, Arab Rep.",EGY,2004,0.4
"Egypt, Arab Rep.",EGY,2005,0.7
"Egypt, Arab Rep.",EGY,2006,0.7
"Egypt, Arab Rep.",EGY,2007,0.9
"Egypt, Arab Rep.",EGY,2008,1.2
"Egypt, Arab Rep.",EGY,2009,1.1
"Egypt, Arab Rep.",EGY,2010,2.2
"Egypt, Arab Rep.",EGY,2011,3.2
El Salvador,SLV,1995,139.132078848139
El Salvador,SLV,1996,117.277281515377
El Salvador,SLV,1997,112.568659946571
El Salvador,SLV,1998,94.9967310849073
El Salvador,SLV,1999,65.0471807756737
El Salvador,SLV,2000,40.3
El Salvador,SLV,2001,37.8
El Salvador,SLV,2002,37.9
El Salvador,SLV,2003,37.2
El Salvador,SLV,2004,46.8
El Salvador,SLV,2005,63.5
El Salvador,SLV,2006,65.8
El Salvador,SLV,2007,58.4
El Salvador,SLV,2008,52.9
El Salvador,SLV,2009,72.8
El Salvador,SLV,2010,66
El Salvador,SLV,2011,72.2
El Salvador,SLV,2012,42.7
El Salvador,SLV,2013,41.3
El Salvador,SLV,2014,64.2
El Salvador,SLV,2015,108.6
Equatorial Guinea,GNQ,2005,3.5
Equatorial Guinea,GNQ,2010,3.4
Equatorial Guinea,GNQ,2015,3.2
Eritrea,ERI,2005,9.1
Eritrea,ERI,2010,8.3
Eritrea,ERI,2015,7.5
Estonia,EST,1995,17.0749144519022
Estonia,EST,1996,15.0733204341398
Estonia,EST,1997,12.6853992479981
Estonia,EST,1998,14.0965208923385
Estonia,EST,1999,11.3771248773517
Estonia,EST,2000,10.2
Estonia,EST,2001,9.8
Estonia,EST,2002,10.3
Estonia,EST,2003,10.7
Estonia,EST,2004,6.7
Estonia,EST,2005,8.3
Estonia,EST,2006,6.7
Estonia,EST,2007,6.9
Estonia,EST,2008,6.3
Estonia,EST,2009,5.2
Estonia,EST,2010,5.3
Estonia,EST,2011,4.9
Estonia,EST,2012,4.8
Estonia,EST,2013,3.9
Estonia,EST,2014,3.1
Estonia,EST,2015,3.2
Ethiopia,ETH,2005,9.4
Ethiopia,ETH,2010,8.5
Ethiopia,ETH,2015,7.6
Fiji,FJI,2007,2.6
Fiji,FJI,2008,3.6
Fiji,FJI,2009,2.5
Fiji,FJI,2010,2.8
Fiji,FJI,2012,3
Finland,FIN,1995,2.8583723488107
Finland,FIN,1996,2.98526275287663
Finland,FIN,1997,2.70467112269342
Finland,FIN,1998,2.1937385653804
Finland,FIN,1999,2.77024677474504
Finland,FIN,2000,2.9
Finland,FIN,2001,3
Finland,FIN,2002,2.5
Finland,FIN,2003,2
Finland,FIN,2004,2.8
Finland,FIN,2005,2.3
Finland,FIN,2006,2.3
Finland,FIN,2007,2.4
Finland,FIN,2008,2.5
Finland,FIN,2009,2.2
Finland,FIN,2010,2.2
Finland,FIN,2011,2
Finland,FIN,2012,1.6
Finland,FIN,2013,1.7
Finland,FIN,2014,1.6
Finland,FIN,2015,1.6
France,FRA,1995,2.30964046176144
France,FRA,1996,2.01696350708443
France,FRA,1997,1.65263956656979
France,FRA,1998,1.64284349848874
France,FRA,1999,1.62208425674125
France,FRA,2000,1.8
France,FRA,2001,1.8
France,FRA,2002,1.9
France,FRA,2003,1.6
France,FRA,2004,1.6
France,FRA,2005,1.6
France,FRA,2006,1.4
France,FRA,2007,1.6
France,FRA,2008,1.6
France,FRA,2009,1.3
France,FRA,2010,1.3
France,FRA,2011,1.4
France,FRA,2012,1.2
France,FRA,2013,1.2
France,FRA,2014,1.2
France,FRA,2015,1.6
French Polynesia,PYF,2006,1.2
French Polynesia,PYF,2007,2.7
French Polynesia,PYF,2008,3.4
French Polynesia,PYF,2009,0.4
Gabon,GAB,2005,11.2
Gabon,GAB,2010,9.3
Gabon,GAB,2015,9
"Gambia, The",GMB,2005,9.8
"Gambia, The",GMB,2010,9.8
"Gambia, The",GMB,2015,9.1
Georgia,GEO,1995,7.71314365049478
Georgia,GEO,1996,5.40828982664628
Georgia,GEO,1997,5.78730849339303
Georgia,GEO,1998,4.99620247490899
Georgia,GEO,1999,5.07789575329751
Georgia,GEO,2000,5
Georgia,GEO,2001,5.6
Georgia,GEO,2002,6.3
Georgia,GEO,2003,6.6
Georgia,GEO,2004,6.6
Georgia,GEO,2005,9
Georgia,GEO,2006,7.3
Georgia,GEO,2007,7.5
Georgia,GEO,2008,6.1
Georgia,GEO,2009,4.9
Georgia,GEO,2010,4.4
Georgia,GEO,2014,2.7
Germany,DEU,1995,1.71611081784386
Germany,DEU,1996,1.68125839587535
Germany,DEU,1997,1.53657375318974
Germany,DEU,1998,1.21189355246765
Germany,DEU,1999,1.23874284846125
Germany,DEU,2000,1.2
Germany,DEU,2001,1.1
Germany,DEU,2002,1.2
Germany,DEU,2003,1.1
Germany,DEU,2004,1.1
Germany,DEU,2005,1.1
Germany,DEU,2006,1
Germany,DEU,2007,0.9
Germany,DEU,2008,0.9
Germany,DEU,2009,1
Germany,DEU,2010,1
Germany,DEU,2011,0.9
Germany,DEU,2012,0.8
Germany,DEU,2013,0.8
Germany,DEU,2014,0.9
Germany,DEU,2015,0.8
Ghana,GHA,2001,2.2
Ghana,GHA,2002,2
Ghana,GHA,2003,2.1
Ghana,GHA,2004,2.2
Ghana,GHA,2005,1.8
Ghana,GHA,2006,1.9
Ghana,GHA,2007,1.8
Ghana,GHA,2008,1.9
Ghana,GHA,2009,1.8
Ghana,GHA,2010,1.7
Ghana,GHA,2011,1.7
Greece,GRC,1995,1.41494286488823
Greece,GRC,1996,1.57141461067831
Greece,GRC,1997,1.87530704688656
Greece,GRC,1998,1.61696282198232
Greece,GRC,1999,1.4171283457486
Greece,GRC,2000,0.7
Greece,GRC,2001,1.2
Greece,GRC,2002,0.9
Greece,GRC,2003,1.1
Greece,GRC,2004,1
Greece,GRC,2005,1.2
Greece,GRC,2006,1
Greece,GRC,2007,1.2
Greece,GRC,2008,1.3
Greece,GRC,2009,1.4
Greece,GRC,2010,1.6
Greece,GRC,2011,1.6
Greece,GRC,2012,1.5
Greece,GRC,2013,1.4
Greece,GRC,2014,1
Greece,GRC,2015,0.8
Greenland,GRL,2006,8.8
Greenland,GRL,2007,19.3
Greenland,GRL,2008,22.9
Greenland,GRL,2009,31.8
Greenland,GRL,2010,31.8
Greenland,GRL,2011,17.7
Greenland,GRL,2012,8.9
Greenland,GRL,2013,5.3
Greenland,GRL,2014,21.3
Greenland,GRL,2015,12.5
Grenada,GRD,2000,14.8
Grenada,GRD,2001,5.9
Grenada,GRD,2002,13.7
Grenada,GRD,2003,8.8
Grenada,GRD,2004,5.8
Grenada,GRD,2005,10.7
Grenada,GRD,2006,11.6
Grenada,GRD,2007,10.6
Grenada,GRD,2008,15.4
Grenada,GRD,2009,6.7
Grenada,GRD,2010,9.6
Grenada,GRD,2011,3.8
Grenada,GRD,2012,13.3
Grenada,GRD,2013,5.7
Grenada,GRD,2014,7.5
Guam,GUM,2000,1.3
Guam,GUM,2001,5.1
Guam,GUM,2002,1.3
Guam,GUM,2003,5.1
Guam,GUM,2004,5.7
Guam,GUM,2005,4.4
Guam,GUM,2006,6.9
Guam,GUM,2007,0.6
Guam,GUM,2008,0.6
Guam,GUM,2009,3.2
Guam,GUM,2010,1.9
Guam,GUM,2011,2.5
Guatemala,GTM,1995,32.5489794746735
Guatemala,GTM,1996,35.3196220849234
Guatemala,GTM,1997,38.1433409197048
Guatemala,GTM,1998,30.8677838628448
Guatemala,GTM,1999,24.1928561548357
Guatemala,GTM,2000,24.8
Guatemala,GTM,2001,27
Guatemala,GTM,2002,29.6
Guatemala,GTM,2003,33.7
Guatemala,GTM,2004,35
Guatemala,GTM,2006,43.6
Guatemala,GTM,2007,41.9
Guatemala,GTM,2008,44.6
Guatemala,GTM,2009,45.1
Guatemala,GTM,2010,40.5
Guatemala,GTM,2011,37.7
Guatemala,GTM,2012,33.5
Guatemala,GTM,2013,33.5
Guatemala,GTM,2014,31.2
Guinea,GIN,2005,10.1
Guinea,GIN,2010,9.3
Guinea,GIN,2015,8.5
Guinea-Bissau,GNB,2005,11
Guinea-Bissau,GNB,2010,10
Guinea-Bissau,GNB,2015,9.2
Guyana,GUY,1995,14.9729593848174
Guyana,GUY,1996,12.0714961796458
Guyana,GUY,1997,11.9220054183459
Guyana,GUY,1998,15.4697463782996
Guyana,GUY,1999,12.4402594135853
Guyana,GUY,2000,10
Guyana,GUY,2001,10.6
Guyana,GUY,2002,19.1
Guyana,GUY,2003,27.7
Guyana,GUY,2004,17.7
Guyana,GUY,2005,19.1
Guyana,GUY,2006,20.6
Guyana,GUY,2007,15.4
Guyana,GUY,2008,21.1
Guyana,GUY,2009,15.6
Guyana,GUY,2010,18.6
Guyana,GUY,2011,17.2
Guyana,GUY,2012,18.3
Guyana,GUY,2013,20.4
Guyana,GUY,2015,19.4
Haiti,HTI,2007,5.1
Haiti,HTI,2008,5.1
Haiti,HTI,2009,6.1
Haiti,HTI,2010,6.8
Haiti,HTI,2011,9
Haiti,HTI,2012,10
Honduras,HND,1999,42.0842525751359
Honduras,HND,2000,50.9
Honduras,HND,2001,54.7
Honduras,HND,2002,55.7
Honduras,HND,2003,61.5
Honduras,HND,2004,53.9
Honduras,HND,2005,46.7
Honduras,HND,2006,44.5
Honduras,HND,2007,50.3
Honduras,HND,2008,61.4
Honduras,HND,2009,71.5
Honduras,HND,2010,83.1
Honduras,HND,2011,93.2
Honduras,HND,2012,92.7
Honduras,HND,2013,81.9
Honduras,HND,2014,74.6
Honduras,HND,2015,63.8
"Hong Kong SAR, China",HKG,2000,0.6
"Hong Kong SAR, China",HKG,2001,0.96
"Hong Kong SAR, China",HKG,2002,1
"Hong Kong SAR, China",HKG,2003,0.8
"Hong Kong SAR, China",HKG,2004,0.7
"Hong Kong SAR, China",HKG,2005,0.5
"Hong Kong SAR, China",HKG,2006,0.5
"Hong Kong SAR, China",HKG,2007,0.3
"Hong Kong SAR, China",HKG,2008,0.5
"Hong Kong SAR, China",HKG,2009,0.7
"Hong Kong SAR, China",HKG,2010,0.5
"Hong Kong SAR, China",HKG,2011,0.2
"Hong Kong SAR, China",HKG,2012,0.4
"Hong Kong SAR, China",HKG,2013,0.9
"Hong Kong SAR, China",HKG,2014,0.4
"Hong Kong SAR, China",HKG,2015,0.3
Hungary,HUN,1995,2.86505133910661
Hungary,HUN,1996,2.62749838980887
Hungary,HUN,1997,2.80818575458866
Hungary,HUN,1998,2.81539704599579
Hungary,HUN,1999,2.47132530045162
Hungary,HUN,2000,2
Hungary,HUN,2001,2.5
Hungary,HUN,2002,2
Hungary,HUN,2003,2.2
Hungary,HUN,2004,2.1
Hungary,HUN,2005,1.6
Hungary,HUN,2006,1.7
Hungary,HUN,2007,1.5
Hungary,HUN,2008,1.8
Hungary,HUN,2009,1.4
Hungary,HUN,2010,1.4
Hungary,HUN,2011,1.5
Hungary,HUN,2012,1.2
Hungary,HUN,2013,1.6
Hungary,HUN,2014,1.5
Iceland,ISL,1995,0
Iceland,ISL,1996,0.370207204972623
Iceland,ISL,1997,0.733041094283746
Iceland,ISL,1998,0
Iceland,ISL,1999,0.718383063400897
Iceland,ISL,2000,1.8
Iceland,ISL,2001,0.4
Iceland,ISL,2002,1.4
Iceland,ISL,2003,0
Iceland,ISL,2004,1
Iceland,ISL,2005,1
Iceland,ISL,2006,0
Iceland,ISL,2007,0.7
Iceland,ISL,2008,0
Iceland,ISL,2009,0.3
Iceland,ISL,2010,0.6
Iceland,ISL,2011,0.9
Iceland,ISL,2012,0.3
Iceland,ISL,2013,0.3
Iceland,ISL,2014,0.3
Iceland,ISL,2015,0.9
India,IND,1995,4.36626277958339
India,IND,1996,4.39507984612006
India,IND,1997,4.35247069459663
India,IND,1998,4.47327353382515
India,IND,1999,4.23340240421416
India,IND,2000,4.5
India,IND,2001,4.2
India,IND,2002,4.1
India,IND,2003,3.6
India,IND,2004,3.7
India,IND,2005,3.6
India,IND,2006,3.6
India,IND,2007,3.5
India,IND,2008,3.5
India,IND,2009,3.4
India,IND,2010,3.4
India,IND,2011,3.5
India,IND,2012,3.4
India,IND,2013,3.3
India,IND,2014,3.2
Indonesia,IDN,2000,1
Indonesia,IDN,2003,0.7
Indonesia,IDN,2004,0.6
Indonesia,IDN,2008,0.6
Indonesia,IDN,2009,0.5
Indonesia,IDN,2010,0.4
Indonesia,IDN,2011,0.6
Indonesia,IDN,2012,0.6
Indonesia,IDN,2013,0.6
Indonesia,IDN,2014,0.5
"Iran, Islamic Rep.",IRN,2005,5.4
"Iran, Islamic Rep.",IRN,2010,5.2
"Iran, Islamic Rep.",IRN,2015,4.1
Iraq,IRQ,2005,34.1
Iraq,IRQ,2006,29.9
Iraq,IRQ,2007,66.1
Ireland,IRL,1995,1.19081972152542
Ireland,IRL,1996,1.15433547792375
Ireland,IRL,1997,1.03546184323108
Ireland,IRL,1998,1.02517423240754
Ireland,IRL,1999,1.01307803766784
Ireland,IRL,2000,0.1
Ireland,IRL,2001,1.3
Ireland,IRL,2002,1.3
Ireland,IRL,2003,1.1
Ireland,IRL,2004,0.7
Ireland,IRL,2005,1.2
Ireland,IRL,2006,1.4
Ireland,IRL,2007,1.8
Ireland,IRL,2008,1.1
Ireland,IRL,2009,1.2
Ireland,IRL,2010,1.1
Ireland,IRL,2011,0.9
Ireland,IRL,2012,1.2
Ireland,IRL,2013,1.1
Ireland,IRL,2014,1.1
Ireland,IRL,2015,0.6
Israel,ISR,1995,2.10049400993496
Israel,ISR,1996,2.13240056907757
Israel,ISR,1997,2.77048404440944
Israel,ISR,1998,2.54981904090378
Israel,ISR,1999,2.32504226655303
Israel,ISR,2000,2.4
Israel,ISR,2001,3.6
Israel,ISR,2002,3.6
Israel,ISR,2003,3.1
Israel,ISR,2004,2.7
Israel,ISR,2005,2.5
Israel,ISR,2006,2.7
Israel,ISR,2007,1.8
Israel,ISR,2008,1.9
Israel,ISR,2009,1.8
Israel,ISR,2010,2
Israel,ISR,2011,2
Israel,ISR,2012,1.7
Israel,ISR,2014,1.5
Israel,ISR,2015,1.4
Italy,ITA,1995,1.77643467769709
Italy,ITA,1996,1.67374034178937
Italy,ITA,1997,1.53458619786494
Italy,ITA,1998,1.54085584551281
Italy,ITA,1999,1.41541754017417
Italy,ITA,2000,1.3
Italy,ITA,2001,1.2
Italy,ITA,2002,1.1
Italy,ITA,2003,1.2
Italy,ITA,2004,1.2
Italy,ITA,2005,1
Italy,ITA,2006,1.1
Italy,ITA,2007,1.1
Italy,ITA,2008,1
Italy,ITA,2009,1
Italy,ITA,2010,0.9
Italy,ITA,2011,0.9
Italy,ITA,2012,0.9
Italy,ITA,2013,0.8
Italy,ITA,2014,0.8
Italy,ITA,2015,0.8
Jamaica,JAM,1995,31.687789151076
Jamaica,JAM,1996,37.2282538701285
Jamaica,JAM,1997,41.3732573308988
Jamaica,JAM,1998,33.9049949675357
Jamaica,JAM,1999,33.3854182344587
Jamaica,JAM,2000,34.1
Jamaica,JAM,2001,43.5
Jamaica,JAM,2002,39.7
Jamaica,JAM,2003,36.8
Jamaica,JAM,2004,55.2
Jamaica,JAM,2005,62.5
Jamaica,JAM,2006,49.8
Jamaica,JAM,2007,58.6
Jamaica,JAM,2008,59.6
Jamaica,JAM,2009,61.7
Jamaica,JAM,2010,52.8
Jamaica,JAM,2011,41.2
Jamaica,JAM,2012,39.8
Jamaica,JAM,2013,43.3
Jamaica,JAM,2014,36.1
Jamaica,JAM,2015,43.2
Japan,JPN,1995,0.543833004420133
Japan,JPN,1996,0.493530480386386
Japan,JPN,1997,0.541203531611255
Japan,JPN,1998,0.571311769404654
Japan,JPN,1999,0.536916519813227
Japan,JPN,2003,0.6
Japan,JPN,2004,0.6
Japan,JPN,2005,0.5
Japan,JPN,2006,0.5
Japan,JPN,2007,0.5
Japan,JPN,2008,0.5
Japan,JPN,2009,0.4
Japan,JPN,2010,0.4
Japan,JPN,2011,0.3
Japan,JPN,2012,0.3
Japan,JPN,2013,0.3
Japan,JPN,2014,0.3
Jordan,JOR,2005,1.3
Jordan,JOR,2006,1.8
Jordan,JOR,2007,1.9
Jordan,JOR,2008,2
Jordan,JOR,2009,1.6
Jordan,JOR,2010,1.8
Jordan,JOR,2011,2.1
Jordan,JOR,2012,2.3
Jordan,JOR,2013,2
Kazakhstan,KAZ,1995,15.3649540781269
Kazakhstan,KAZ,1996,16.7063971308529
Kazakhstan,KAZ,1997,16.6680809672214
Kazakhstan,KAZ,1998,16.5802074248802
Kazakhstan,KAZ,1999,15.7402297198345
Kazakhstan,KAZ,2000,15.5
Kazakhstan,KAZ,2001,14.5
Kazakhstan,KAZ,2002,13.1
Kazakhstan,KAZ,2003,13.2
Kazakhstan,KAZ,2004,13.7
Kazakhstan,KAZ,2005,11.7
Kazakhstan,KAZ,2006,11.1
Kazakhstan,KAZ,2007,10.5
Kazakhstan,KAZ,2008,11.4
Kazakhstan,KAZ,2009,11
Kazakhstan,KAZ,2010,8.6
Kazakhstan,KAZ,2011,8.6
Kazakhstan,KAZ,2012,7.5
Kazakhstan,KAZ,2013,6.5
Kazakhstan,KAZ,2014,5.2
Kazakhstan,KAZ,2015,4.8
Kenya,KEN,2004,4.1
Kenya,KEN,2005,3.6
Kenya,KEN,2006,3.5
Kenya,KEN,2007,3.4
Kenya,KEN,2008,3.7
Kenya,KEN,2009,5.6
Kenya,KEN,2010,5.6
Kenya,KEN,2011,6.4
Kenya,KEN,2012,6.5
Kenya,KEN,2013,6.6
Kenya,KEN,2014,5.9
Kenya,KEN,2015,5.8
Kiribati,KIR,2008,7.1
Kiribati,KIR,2009,1
Kiribati,KIR,2010,3.9
Kiribati,KIR,2011,10.5
Kiribati,KIR,2012,7.5
"Korea, Dem. People’s Rep.",PRK,2005,5.1
"Korea, Dem. People’s Rep.",PRK,2010,4.8
"Korea, Dem. People’s Rep.",PRK,2015,4.4
"Korea, Rep.",KOR,2011,0.9
"Korea, Rep.",KOR,2012,0.8
"Korea, Rep.",KOR,2013,0.7
"Korea, Rep.",KOR,2014,0.7
Kosovo,XKX,2008,6.3
Kosovo,XKX,2009,4
Kosovo,XKX,2010,5.8
Kosovo,XKX,2011,3.4
Kosovo,XKX,2012,4.9
Kosovo,XKX,2013,2.2
Kosovo,XKX,2014,2.2
Kosovo,XKX,2015,1.6
Kuwait,KWT,2007,2.3
Kuwait,KWT,2008,1.4
Kuwait,KWT,2009,1.7
Kuwait,KWT,2010,2
Kuwait,KWT,2011,1.8
Kuwait,KWT,2012,1.8
Kyrgyz Republic,KGZ,1995,11.6503543558715
Kyrgyz Republic,KGZ,1996,11.1401719106683
Kyrgyz Republic,KGZ,1997,9.26304364201776
Kyrgyz Republic,KGZ,1998,8.81035351284342
Kyrgyz Republic,KGZ,1999,8.83878204441233
Kyrgyz Republic,KGZ,2000,8.7
Kyrgyz Republic,KGZ,2001,7.7
Kyrgyz Republic,KGZ,2002,8.2
Kyrgyz Republic,KGZ,2003,8.3
Kyrgyz Republic,KGZ,2004,8.3
Kyrgyz Republic,KGZ,2005,8.2
Kyrgyz Republic,KGZ,2006,8.2
Kyrgyz Republic,KGZ,2007,8.1
Kyrgyz Republic,KGZ,2008,8.1
Kyrgyz Republic,KGZ,2009,7.8
Kyrgyz Republic,KGZ,2010,19.6
Kyrgyz Republic,KGZ,2011,8.9
Kyrgyz Republic,KGZ,2012,5.3
Kyrgyz Republic,KGZ,2013,3.6
Kyrgyz Republic,KGZ,2014,3.7
Kyrgyz Republic,KGZ,2015,5.1
Lao PDR,LAO,2005,9.6
Lao PDR,LAO,2010,8
Lao PDR,LAO,2015,6.9
Latvia,LVA,1995,11.5565417851246
Latvia,LVA,1996,10.8827316631047
Latvia,LVA,1997,11.1521389556514
Latvia,LVA,1998,10.3313512291622
Latvia,LVA,1999,9.53192821334203
Latvia,LVA,2000,10
Latvia,LVA,2001,9.3
Latvia,LVA,2002,9.2
Latvia,LVA,2003,8.8
Latvia,LVA,2004,8
Latvia,LVA,2005,5.7
Latvia,LVA,2006,5.8
Latvia,LVA,2007,4.3
Latvia,LVA,2008,4.6
Latvia,LVA,2009,5.1
Latvia,LVA,2010,3.3
Latvia,LVA,2011,3.3
Latvia,LVA,2012,4.8
Latvia,LVA,2013,3.4
Latvia,LVA,2014,3.9
Latvia,LVA,2015,4.1
Lebanon,LBN,2008,4.5
Lebanon,LBN,2009,3.5
Lebanon,LBN,2010,3.8
Lebanon,LBN,2011,3.7
Lebanon,LBN,2012,3.9
Lebanon,LBN,2013,4.5
Lebanon,LBN,2014,4.3
Lebanon,LBN,2015,3.9
Lesotho,LSO,2007,45.8
Lesotho,LSO,2008,38.1
Lesotho,LSO,2009,36.3
Lesotho,LSO,2010,38
Liberia,LBR,2007,2.8
Liberia,LBR,2008,4.8
Liberia,LBR,2009,3.8
Liberia,LBR,2010,3.3
Liberia,LBR,2011,3.9
Liberia,LBR,2012,3.2
Libya,LBY,2005,3.7
Libya,LBY,2010,3.1
Libya,LBY,2015,2.5
Liechtenstein,LIE,1995,0
Liechtenstein,LIE,1996,0
Liechtenstein,LIE,1997,0
Liechtenstein,LIE,1998,0
Liechtenstein,LIE,1999,3.07976593778873
Liechtenstein,LIE,2000,0
Liechtenstein,LIE,2001,0
Liechtenstein,LIE,2002,0
Liechtenstein,LIE,2003,0
Liechtenstein,LIE,2004,2.9
Liechtenstein,LIE,2005,0
Liechtenstein,LIE,2006,0
Liechtenstein,LIE,2007,0
Liechtenstein,LIE,2008,2.8
Liechtenstein,LIE,2009,0
Liechtenstein,LIE,2010,2.8
Liechtenstein,LIE,2011,0
Liechtenstein,LIE,2012,0
Liechtenstein,LIE,2013,0
Liechtenstein,LIE,2014,2.7
Liechtenstein,LIE,2015,0
Lithuania,LTU,1995,13.8326154334513
Lithuania,LTU,1996,11.2373766801959
Lithuania,LTU,1997,10.9305565805864
Lithuania,LTU,1998,8.76101747245491
Lithuania,LTU,1999,8.76911183937939
Lithuania,LTU,2004,10.2
Lithuania,LTU,2005,11.1
Lithuania,LTU,2006,8.7
Lithuania,LTU,2007,8.5
Lithuania,LTU,2008,9.3
Lithuania,LTU,2009,7.9
Lithuania,LTU,2010,7
Lithuania,LTU,2011,6.9
Lithuania,LTU,2012,6.7
Lithuania,LTU,2013,6.7
Lithuania,LTU,2014,5.5
Lithuania,LTU,2015,6
Luxembourg,LUX,1995,0.490771050397279
Luxembourg,LUX,1996,0.967639709030739
Luxembourg,LUX,1997,0.95384578698239
Luxembourg,LUX,1998,0.940698374473209
Luxembourg,LUX,1999,1.39324277255312
Luxembourg,LUX,2006,1.5
Luxembourg,LUX,2007,1.5
Luxembourg,LUX,2008,1.6
Luxembourg,LUX,2009,1
Luxembourg,LUX,2010,2
Luxembourg,LUX,2011,0.8
Luxembourg,LUX,2012,0
Luxembourg,LUX,2013,0.2
Luxembourg,LUX,2014,0.7
"Macao SAR, China",MAC,2008,0.8
"Macao SAR, China",MAC,2009,1.2
"Macao SAR, China",MAC,2010,0.4
"Macao SAR, China",MAC,2011,0.7
"Macao SAR, China",MAC,2012,0.7
"Macao SAR, China",MAC,2013,0.2
"Macao SAR, China",MAC,2014,0
"Macao SAR, China",MAC,2015,0.2
"Macedonia, FYR",MKD,1998,2.40914995151586
"Macedonia, FYR",MKD,1999,1.89888155876189
"Macedonia, FYR",MKD,2000,2.3
"Macedonia, FYR",MKD,2001,2.7
"Macedonia, FYR",MKD,2002,3
"Macedonia, FYR",MKD,2003,3.4
"Macedonia, FYR",MKD,2004,2.4
"Macedonia, FYR",MKD,2005,2.2
"Macedonia, FYR",MKD,2006,2.2
"Macedonia, FYR",MKD,2007,2
"Macedonia, FYR",MKD,2008,1.7
"Macedonia, FYR",MKD,2009,1.7
"Macedonia, FYR",MKD,2010,2.1
"Macedonia, FYR",MKD,2011,1.5
"Macedonia, FYR",MKD,2012,1.4
"Macedonia, FYR",MKD,2013,1.1
"Macedonia, FYR",MKD,2014,1.6
Madagascar,MDG,2004,0.7
Madagascar,MDG,2005,1.8
Madagascar,MDG,2006,4.6
Madagascar,MDG,2007,3
Madagascar,MDG,2008,3.1
Madagascar,MDG,2009,0.7
Madagascar,MDG,2010,0.6
Malawi,MWI,2000,6.3
Malawi,MWI,2001,7.8
Malawi,MWI,2002,4.8
Malawi,MWI,2003,2.5
Malawi,MWI,2004,3.3
Malawi,MWI,2005,1.6
Malawi,MWI,2006,6.3
Malawi,MWI,2007,5.1
Malawi,MWI,2008,5.6
Malawi,MWI,2009,2.2
Malawi,MWI,2010,3.5
Malawi,MWI,2011,2.3
Malawi,MWI,2012,1.8
Malaysia,MYS,1995,1.91112220033869
Malaysia,MYS,1996,2.10381632280958
Malaysia,MYS,1997,2.47916821519033
Malaysia,MYS,1998,2.81779131034374
Malaysia,MYS,1999,2.57131259998274
Malaysia,MYS,2001,2.2
Malaysia,MYS,2002,2.3
Malaysia,MYS,2003,2.3
Malaysia,MYS,2004,2
Malaysia,MYS,2005,2.3
Malaysia,MYS,2006,2.2
Malaysia,MYS,2007,2.4
Malaysia,MYS,2008,2.2
Malaysia,MYS,2009,2
Malaysia,MYS,2010,1.9
Maldives,MDV,2007,1
Maldives,MDV,2008,1.6
Maldives,MDV,2009,1.8
Maldives,MDV,2010,1.8
Maldives,MDV,2011,0.9
Maldives,MDV,2012,2.9
Maldives,MDV,2013,0.9
Mali,MLI,2005,12.6
Mali,MLI,2010,12.1
Mali,MLI,2015,10.8
Malta,MLT,1998,1.27087733746114
Malta,MLT,1999,2.52947470398822
Malta,MLT,2000,1
Malta,MLT,2001,1.5
Malta,MLT,2002,1.5
Malta,MLT,2003,0
Malta,MLT,2004,1.8
Malta,MLT,2005,1
Malta,MLT,2006,0
Malta,MLT,2007,1
Malta,MLT,2008,1.5
Malta,MLT,2009,1
Malta,MLT,2010,1
Malta,MLT,2011,0.7
Malta,MLT,2012,2.9
Malta,MLT,2013,1.7
Malta,MLT,2014,1.4
Malta,MLT,2015,1
Marshall Islands,MHL,2012,4.7
Mauritania,MRT,2005,12.3
Mauritania,MRT,2010,10.9
Mauritania,MRT,2015,10.2
Mauritius,MUS,1995,2.19857919018414
Mauritius,MUS,1996,2.95537042960655
Mauritius,MUS,1997,2.06471505211685
Mauritius,MUS,1998,2.64178052598702
Mauritius,MUS,1999,1.94179675297813
Mauritius,MUS,2009,3.1
Mauritius,MUS,2010,2.6
Mauritius,MUS,2011,2.7
Mexico,MEX,1995,16.919404883017
Mexico,MEX,1996,15.4541353492245
Mexico,MEX,1997,14.1992969608716
Mexico,MEX,1998,14.0780699700077
Mexico,MEX,1999,12.4338048853921
Mexico,MEX,2000,10.4
Mexico,MEX,2001,9.9
Mexico,MEX,2002,9.6
Mexico,MEX,2003,9.4
Mexico,MEX,2004,8.6
Mexico,MEX,2005,9
Mexico,MEX,2006,9.4
Mexico,MEX,2007,7.8
Mexico,MEX,2008,12.2
Mexico,MEX,2009,17
Mexico,MEX,2010,21.7
Mexico,MEX,2011,22.6
Mexico,MEX,2012,21.3
Mexico,MEX,2013,18.6
Mexico,MEX,2014,16
Mexico,MEX,2015,16.3
"Micronesia, Fed. Sts.",FSM,2005,4.6
"Micronesia, Fed. Sts.",FSM,2010,4.5
"Micronesia, Fed. Sts.",FSM,2015,4.7
Moldova,MDA,1995,9.10400460962259
Moldova,MDA,1996,9.28573434953315
Moldova,MDA,1997,9.32440252368
Moldova,MDA,1998,8.45713040326535
Moldova,MDA,1999,9.11905380697699
Moldova,MDA,2000,10.3
Moldova,MDA,2001,9.8
Moldova,MDA,2002,9.6
Moldova,MDA,2003,7.6
Moldova,MDA,2004,6.6
Moldova,MDA,2005,7.1
Moldova,MDA,2006,6.3
Moldova,MDA,2007,5.3
Moldova,MDA,2008,5.7
Moldova,MDA,2009,6
Moldova,MDA,2010,6.5
Moldova,MDA,2011,7.5
Moldova,MDA,2012,5.6
Moldova,MDA,2013,4.1
Moldova,MDA,2014,3.2
Monaco,MCO,2001,3.1
Monaco,MCO,2004,3
Monaco,MCO,2005,3
Monaco,MCO,2006,2.9
Monaco,MCO,2007,0
Monaco,MCO,2008,0
Mongolia,MNG,2003,13.9
Mongolia,MNG,2004,13.3
Mongolia,MNG,2005,15.8
Mongolia,MNG,2006,13.1
Mongolia,MNG,2007,11.3
Mongolia,MNG,2008,8.1
Mongolia,MNG,2009,8.2
Mongolia,MNG,2010,8.8
Mongolia,MNG,2011,9.6
Mongolia,MNG,2012,7.1
Mongolia,MNG,2013,7.3
Mongolia,MNG,2014,7.5
Mongolia,MNG,2015,7.2
Montenegro,MNE,2007,1.9
Montenegro,MNE,2008,3.9
Montenegro,MNE,2009,3.4
Montenegro,MNE,2010,2.4
Montenegro,MNE,2011,3.4
Montenegro,MNE,2012,2.7
Montenegro,MNE,2013,1.6
Montenegro,MNE,2014,3.2
Montenegro,MNE,2015,2.7
Morocco,MAR,1999,1.89843953192356
Morocco,MAR,2000,1.6
Morocco,MAR,2001,1.9
Morocco,MAR,2002,1.6
Morocco,MAR,2003,1.7
Morocco,MAR,2004,1.6
Morocco,MAR,2005,1.5
Morocco,MAR,2006,1.6
Morocco,MAR,2007,1.7
Morocco,MAR,2008,1.4
Morocco,MAR,2009,1.4
Morocco,MAR,2010,1.4
Morocco,MAR,2011,1.4
Morocco,MAR,2012,1.2
Morocco,MAR,2013,1.3
Morocco,MAR,2014,1
Mozambique,MOZ,1999,4.87139563098585
Mozambique,MOZ,2001,5.9
Mozambique,MOZ,2002,5.4
Mozambique,MOZ,2003,5.2
Mozambique,MOZ,2004,5.5
Mozambique,MOZ,2005,5.2
Mozambique,MOZ,2006,4.1
Mozambique,MOZ,2007,3.8
Mozambique,MOZ,2008,4.3
Mozambique,MOZ,2009,3.5
Mozambique,MOZ,2010,3.6
Mozambique,MOZ,2011,3.4
Myanmar,MMR,2001,2.1
Myanmar,MMR,2002,1.8
Myanmar,MMR,2003,1.7
Myanmar,MMR,2004,1.6
Myanmar,MMR,2005,1.5
Myanmar,MMR,2006,1.7
Myanmar,MMR,2007,1.6
Myanmar,MMR,2008,1.7
Myanmar,MMR,2009,1.7
Myanmar,MMR,2010,1.5
Myanmar,MMR,2011,2
Myanmar,MMR,2012,2.7
Myanmar,MMR,2013,2.4
Myanmar,MMR,2014,2.5
Myanmar,MMR,2015,2.4
Namibia,NAM,1995,22.5875525024344
Namibia,NAM,1996,20.7528035391467
Namibia,NAM,1997,18.6657472692069
Namibia,NAM,1998,22.5787607644381
Namibia,NAM,1999,20.4750425978129
Namibia,NAM,2000,20
Namibia,NAM,2001,18.3
Namibia,NAM,2002,17.7
Namibia,NAM,2004,17.6
Namibia,NAM,2008,16.7
Namibia,NAM,2009,18
Namibia,NAM,2010,14.3
Namibia,NAM,2011,13.7
Namibia,NAM,2012,16.9
Nauru,NRU,2012,1.3
Nepal,NPL,1997,2.5339563369797
Nepal,NPL,1998,2.79509229953792
Nepal,NPL,1999,2.64423993044054
Nepal,NPL,2000,2.7
Nepal,NPL,2001,3.5
Nepal,NPL,2002,3.5
Nepal,NPL,2003,3
Nepal,NPL,2004,3.7
Nepal,NPL,2005,3.6
Nepal,NPL,2006,2.5
Nepal,NPL,2007,3.4
Nepal,NPL,2008,3.4
Nepal,NPL,2009,3
Nepal,NPL,2010,3
Nepal,NPL,2011,2.9
Nepal,NPL,2012,2.8
Nepal,NPL,2013,2.3
Nepal,NPL,2014,2.3
Netherlands,NLD,1995,1.93876800047205
Netherlands,NLD,1996,1.35978823908196
Netherlands,NLD,1997,1.33283633916763
Netherlands,NLD,1998,1.12168318759418
Netherlands,NLD,1999,1.28680287929434
Netherlands,NLD,2000,1.1
Netherlands,NLD,2001,1.3
Netherlands,NLD,2002,1.2
Netherlands,NLD,2003,1.2
Netherlands,NLD,2004,1.2
Netherlands,NLD,2005,1.1
Netherlands,NLD,2006,0.8
Netherlands,NLD,2007,0.9
Netherlands,NLD,2008,0.9
Netherlands,NLD,2009,0.9
Netherlands,NLD,2010,0.9
Netherlands,NLD,2011,0.9
Netherlands,NLD,2012,0.9
Netherlands,NLD,2013,0.7
Netherlands,NLD,2014,0.7
Netherlands,NLD,2015,0.6
New Caledonia,NCL,2006,3.4
New Caledonia,NCL,2007,5.1
New Caledonia,NCL,2008,4.6
New Caledonia,NCL,2009,3.3
New Zealand,NZL,1995,1.08841760406633
New Zealand,NZL,1996,1.29124519616436
New Zealand,NZL,1997,1.59909128972309
New Zealand,NZL,1998,1.29510740140665
New Zealand,NZL,1999,1.17882299501201
New Zealand,NZL,2000,1.3
New Zealand,NZL,2001,1.3
New Zealand,NZL,2002,1.5
New Zealand,NZL,2003,1.1
New Zealand,NZL,2004,1.1
New Zealand,NZL,2005,1.5
New Zealand,NZL,2006,1.2
New Zealand,NZL,2007,1.1
New Zealand,NZL,2008,1.2
New Zealand,NZL,2009,1.5
New Zealand,NZL,2010,1
New Zealand,NZL,2011,0.9
New Zealand,NZL,2012,0.9
New Zealand,NZL,2013,1
New Zealand,NZL,2014,0.9
Nicaragua,NIC,1995,15.2467953694598
Nicaragua,NIC,1996,13.9864158520601
Nicaragua,NIC,1997,14.0731251187873
Nicaragua,NIC,1998,13.0092595797215
Nicaragua,NIC,1999,11.2318383576289
Nicaragua,NIC,2000,9.5
Nicaragua,NIC,2001,10.5
Nicaragua,NIC,2002,10.7
Nicaragua,NIC,2003,12.1
Nicaragua,NIC,2004,12.2
Nicaragua,NIC,2005,13.6
Nicaragua,NIC,2006,13.2
Nicaragua,NIC,2007,12.9
Nicaragua,NIC,2008,13.2
Nicaragua,NIC,2009,14.2
Nicaragua,NIC,2010,13.7
Nicaragua,NIC,2011,12.7
Nicaragua,NIC,2012,11.5
Niger,NER,2011,4.9
Niger,NER,2012,4.5
Nigeria,NGA,2005,11.8
Nigeria,NGA,2010,10.7
Nigeria,NGA,2015,9.8
Norway,NOR,1995,0.986443060671295
Norway,NOR,1996,0.980584651934636
Norway,NOR,1997,0.86126943862458
Norway,NOR,1998,0.856000836177659
Norway,NOR,1999,0.828544198578308
Norway,NOR,2000,1.1
Norway,NOR,2001,0.8
Norway,NOR,2002,1
Norway,NOR,2003,1.1
Norway,NOR,2004,0.8
Norway,NOR,2005,0.7
Norway,NOR,2006,0.7
Norway,NOR,2007,0.6
Norway,NOR,2008,0.7
Norway,NOR,2009,0.6
Norway,NOR,2010,0.6
Norway,NOR,2011,2.2
Norway,NOR,2012,0.5
Norway,NOR,2013,0.9
Norway,NOR,2014,0.6
Oman,OMN,2001,0.6
Oman,OMN,2002,0.6
Oman,OMN,2007,0.7
Oman,OMN,2008,0.7
Oman,OMN,2011,1.1
Pakistan,PAK,1996,6.93145688652939
Pakistan,PAK,1997,6.93004657253483
Pakistan,PAK,1998,7.43497002667954
Pakistan,PAK,1999,6.60620797085997
Pakistan,PAK,2000,6.4
Pakistan,PAK,2001,6.7
Pakistan,PAK,2002,6.5
Pakistan,PAK,2003,6.3
Pakistan,PAK,2004,6.5
Pakistan,PAK,2005,6.3
Pakistan,PAK,2006,6.4
Pakistan,PAK,2007,6.6
Pakistan,PAK,2008,7.4
Pakistan,PAK,2009,7.5
Pakistan,PAK,2010,7.8
Pakistan,PAK,2011,8
Pakistan,PAK,2012,7.8
Palau,PLW,2012,3.1
Panama,PAN,1995,14.0833179549976
Panama,PAN,1996,9.07853924839213
Panama,PAN,1997,11.3015512186301
Panama,PAN,1998,9.8829659871219
Panama,PAN,1999,9.82881989325557
Panama,PAN,2000,9.9
Panama,PAN,2001,9.9
Panama,PAN,2002,12.1
Panama,PAN,2003,10.6
Panama,PAN,2004,9.4
Panama,PAN,2005,11
Panama,PAN,2006,11
Panama,PAN,2007,12.9
Panama,PAN,2008,18.7
Panama,PAN,2009,23
Panama,PAN,2010,21
Panama,PAN,2011,20.6
Panama,PAN,2012,17.5
Panama,PAN,2013,17.4
Panama,PAN,2014,14.7
Panama,PAN,2015,11.4
Papua New Guinea,PNG,2000,8.7
Papua New Guinea,PNG,2001,7.9
Papua New Guinea,PNG,2002,8.3
Papua New Guinea,PNG,2003,10.5
Papua New Guinea,PNG,2004,5.2
Papua New Guinea,PNG,2005,9.9
Papua New Guinea,PNG,2006,9.8
Papua New Guinea,PNG,2007,8.1
Papua New Guinea,PNG,2008,9.2
Papua New Guinea,PNG,2009,10.4
Papua New Guinea,PNG,2010,10.4
Paraguay,PRY,1998,16.7055356602687
Paraguay,PRY,1999,12.1139976861118
Paraguay,PRY,2000,18.8
Paraguay,PRY,2001,24.3
Paraguay,PRY,2002,24.9
Paraguay,PRY,2003,22.9
Paraguay,PRY,2004,21.2
Paraguay,PRY,2005,18.6
Paraguay,PRY,2006,15.9
Paraguay,PRY,2007,13.1
Paraguay,PRY,2008,13.8
Paraguay,PRY,2009,13.4
Paraguay,PRY,2010,11.9
Paraguay,PRY,2011,10.4
Paraguay,PRY,2012,10.2
Paraguay,PRY,2013,9.3
Paraguay,PRY,2014,8.8
Paraguay,PRY,2015,9.3
Peru,PER,2000,5
Peru,PER,2001,4.9
Peru,PER,2002,4.3
Peru,PER,2003,4.9
Peru,PER,2004,5.6
Peru,PER,2005,11.1
Peru,PER,2006,11.2
Peru,PER,2007,10.4
Peru,PER,2008,11.6
Peru,PER,2009,10.2
Peru,PER,2010,9.2
Peru,PER,2011,5.4
Peru,PER,2012,6.5
Peru,PER,2013,6.6
Peru,PER,2014,6.7
Peru,PER,2015,7.2
Philippines,PHL,1998,7.98613327418039
Philippines,PHL,1999,7.53671352798582
Philippines,PHL,2000,7.4
Philippines,PHL,2001,7.4
Philippines,PHL,2002,8.1
Philippines,PHL,2003,7.8
Philippines,PHL,2004,7.5
Philippines,PHL,2005,7.5
Philippines,PHL,2006,7.1
Philippines,PHL,2007,6.5
Philippines,PHL,2008,6.4
Philippines,PHL,2009,6.9
Philippines,PHL,2010,9.6
Philippines,PHL,2011,9.2
Philippines,PHL,2012,8.8
Philippines,PHL,2013,9.4
Philippines,PHL,2014,9.8
Poland,POL,1995,2.22182989284841
Poland,POL,1996,2.27350013966531
Poland,POL,1997,2.1021583305018
Poland,POL,1998,4.87144747933219
Poland,POL,1999,4.74749000594662
Poland,POL,2000,2.2
Poland,POL,2001,2
Poland,POL,2002,1.9
Poland,POL,2003,1.7
Poland,POL,2004,1.6
Poland,POL,2005,1.4
Poland,POL,2006,1.3
Poland,POL,2007,1.4
Poland,POL,2008,1.2
Poland,POL,2009,1.3
Poland,POL,2010,1.1
Poland,POL,2011,1.2
Poland,POL,2012,1
Poland,POL,2013,0.8
Poland,POL,2014,0.7
Poland,POL,2015,0.7
Portugal,PRT,1996,1.04237920496755
Portugal,PRT,1997,1.11641232867845
Portugal,PRT,1998,1.21923456648993
Portugal,PRT,1999,1.05890339575747
Portugal,PRT,2000,1.1
Portugal,PRT,2001,1
Portugal,PRT,2002,1.1
Portugal,PRT,2003,1.4
Portugal,PRT,2004,1.4
Portugal,PRT,2005,1.3
Portugal,PRT,2006,1.5
Portugal,PRT,2007,1.8
Portugal,PRT,2008,1.2
Portugal,PRT,2009,1.2
Portugal,PRT,2010,1.2
Portugal,PRT,2011,1.1
Portugal,PRT,2012,1.2
Portugal,PRT,2013,1.4
Portugal,PRT,2014,0.9
Portugal,PRT,2015,1
Puerto Rico,PRI,1995,23.3411443320191
Puerto Rico,PRI,1996,23.2564806675146
Puerto Rico,PRI,1997,19.2519500576761
Puerto Rico,PRI,1998,17.2257096358295
Puerto Rico,PRI,1999,15.5914196184756
Puerto Rico,PRI,2000,18.3
Puerto Rico,PRI,2001,19.7
Puerto Rico,PRI,2002,20.6
Puerto Rico,PRI,2003,20.8
Puerto Rico,PRI,2004,21.1
Puerto Rico,PRI,2005,20.5
Puerto Rico,PRI,2006,19.9
Puerto Rico,PRI,2007,19.6
Puerto Rico,PRI,2008,21.6
Puerto Rico,PRI,2009,24
Puerto Rico,PRI,2010,26.3
Puerto Rico,PRI,2012,26.5
Puerto Rico,PRI,2013,23.9
Puerto Rico,PRI,2014,18.5
Puerto Rico,PRI,2015,15.9
Qatar,QAT,1998,0.911032235964637
Qatar,QAT,1999,0.526435853791215
Qatar,QAT,2005,4.9
Qatar,QAT,2010,6.9
Qatar,QAT,2015,8.1
Romania,ROU,1995,3.34201109882768
Romania,ROU,1996,3.19930731894723
Romania,ROU,1997,3.08473623546624
Romania,ROU,1998,2.50753657774
Romania,ROU,1999,2.54008829275101
Romania,ROU,2000,2.5
Romania,ROU,2001,2.7
Romania,ROU,2002,2.6
Romania,ROU,2003,2.5
Romania,ROU,2004,2.4
Romania,ROU,2005,2.1
Romania,ROU,2006,2.1
Romania,ROU,2007,2
Romania,ROU,2008,2.3
Romania,ROU,2009,1.9
Romania,ROU,2010,2
Romania,ROU,2011,1.7
Romania,ROU,2012,1.9
Romania,ROU,2013,1.7
Romania,ROU,2014,1.5
Romania,ROU,2015,1.5
Russian Federation,RUS,2010,16
Russian Federation,RUS,2011,15
Russian Federation,RUS,2012,13.9
Russian Federation,RUS,2013,12.9
Russian Federation,RUS,2014,12.1
Russian Federation,RUS,2015,11.3
Rwanda,RWA,2006,5.1
Rwanda,RWA,2007,5
Rwanda,RWA,2008,4.5
Rwanda,RWA,2009,3.8
Rwanda,RWA,2010,4.9
Rwanda,RWA,2013,4.5
Samoa,WSM,2009,8.7
Samoa,WSM,2010,8.6
Samoa,WSM,2013,3.2
San Marino,SMR,2001,0
San Marino,SMR,2002,3.6
San Marino,SMR,2003,0
San Marino,SMR,2004,0
San Marino,SMR,2005,0
San Marino,SMR,2006,0
San Marino,SMR,2007,0
San Marino,SMR,2008,0
San Marino,SMR,2009,0
San Marino,SMR,2010,0
San Marino,SMR,2011,0
Sao Tome and Principe,STP,2006,2.6
Sao Tome and Principe,STP,2007,2.5
Sao Tome and Principe,STP,2008,8.6
Sao Tome and Principe,STP,2009,3
Sao Tome and Principe,STP,2010,3.5
Sao Tome and Principe,STP,2011,3.4
Saudi Arabia,SAU,1999,0.93978611591659
Saudi Arabia,SAU,2014,0.9
Saudi Arabia,SAU,2015,1.5
Senegal,SEN,2005,9.3
Senegal,SEN,2010,8.5
Senegal,SEN,2015,7.3
Serbia,SRB,2000,2.4
Serbia,SRB,2001,2.6
Serbia,SRB,2002,2.1
Serbia,SRB,2003,1.9
Serbia,SRB,2004,1.8
Serbia,SRB,2005,1.6
Serbia,SRB,2006,1.7
Serbia,SRB,2007,1.9
Serbia,SRB,2008,1.5
Serbia,SRB,2009,1.7
Serbia,SRB,2010,1.4
Serbia,SRB,2011,1.5
Serbia,SRB,2012,1.2
Serbia,SRB,2013,1.6
Serbia,SRB,2014,1.3
Serbia,SRB,2015,1.1
Seychelles,SYC,2002,5.9
Seychelles,SYC,2003,11.7
Seychelles,SYC,2004,6.9
Seychelles,SYC,2005,3.4
Seychelles,SYC,2006,10
Seychelles,SYC,2007,5.5
Seychelles,SYC,2008,3.3
Seychelles,SYC,2009,5.4
Seychelles,SYC,2010,2.1
Sierra Leone,SLE,2004,2.3
Sierra Leone,SLE,2005,2
Sierra Leone,SLE,2006,1.9
Sierra Leone,SLE,2007,2.5
Sierra Leone,SLE,2008,3.3
Sierra Leone,SLE,2009,2.8
Sierra Leone,SLE,2010,2.8
Sierra Leone,SLE,2011,3.2
Sierra Leone,SLE,2012,1.9
Sierra Leone,SLE,2015,1.9
Singapore,SGP,1995,1.46481261600023
Singapore,SGP,1996,0.866760220850504
Singapore,SGP,1997,1.06246967534468
Singapore,SGP,1998,0.983712120104337
Singapore,SGP,1999,1.04039516289077
Singapore,SGP,2000,0.9
Singapore,SGP,2001,0.7
Singapore,SGP,2002,0.5
Singapore,SGP,2003,0.6
Singapore,SGP,2004,0.5
Singapore,SGP,2005,0.5
Singapore,SGP,2006,0.4
Singapore,SGP,2007,0.4
Singapore,SGP,2008,0.6
Singapore,SGP,2009,0.4
Singapore,SGP,2010,0.4
Singapore,SGP,2011,0.3
Singapore,SGP,2012,0.2
Singapore,SGP,2013,0.3
Singapore,SGP,2014,0.3
Singapore,SGP,2015,0.2
Slovak Republic,SVK,1995,2.38410369062976
Slovak Republic,SVK,1996,2.45316362396942
Slovak Republic,SVK,1997,2.5974531971402
Slovak Republic,SVK,1998,2.37188662085467
Slovak Republic,SVK,1999,2.61045849648699
Slovak Republic,SVK,2000,2.7
Slovak Republic,SVK,2001,2.4
Slovak Republic,SVK,2002,2.6
Slovak Republic,SVK,2003,2.7
Slovak Republic,SVK,2004,2.3
Slovak Republic,SVK,2005,2
Slovak Republic,SVK,2006,1.7
Slovak Republic,SVK,2007,1.7
Slovak Republic,SVK,2008,1.7
Slovak Republic,SVK,2009,1.6
Slovak Republic,SVK,2010,1.6
Slovak Republic,SVK,2011,1.8
Slovak Republic,SVK,2012,1.4
Slovak Republic,SVK,2013,1.4
Slovak Republic,SVK,2014,1.3
Slovak Republic,SVK,2015,0.9
Slovenia,SVN,1995,2.23781345281901
Slovenia,SVN,1996,1.92747812819556
Slovenia,SVN,1997,1.82208826499237
Slovenia,SVN,1998,0.707334707246796
Slovenia,SVN,1999,1.26111165479036
Slovenia,SVN,2000,1.8
Slovenia,SVN,2001,1.4
Slovenia,SVN,2002,1.8
Slovenia,SVN,2003,1.1
Slovenia,SVN,2004,1.4
Slovenia,SVN,2005,1
Slovenia,SVN,2006,0.6
Slovenia,SVN,2007,1.2
Slovenia,SVN,2008,0.5
Slovenia,SVN,2009,0.6
Slovenia,SVN,2010,0.7
Slovenia,SVN,2011,0.8
Slovenia,SVN,2012,0.7
Slovenia,SVN,2013,0.6
Slovenia,SVN,2014,0.7
Slovenia,SVN,2015,1.2
Solomon Islands,SLB,2004,4.4
Solomon Islands,SLB,2005,5.5
Solomon Islands,SLB,2006,4.8
Solomon Islands,SLB,2007,5.3
Solomon Islands,SLB,2008,3.8
Somalia,SOM,2005,6.1
Somalia,SOM,2010,6.6
Somalia,SOM,2015,5.6
South Africa,ZAF,1995,64.9165265781694
South Africa,ZAF,1996,60.3901674280048
South Africa,ZAF,1997,57.1123953327189
South Africa,ZAF,1998,57.7416814073372
South Africa,ZAF,1999,51.2128709517669
South Africa,ZAF,2000,48.5
South Africa,ZAF,2001,47
South Africa,ZAF,2002,46.6
South Africa,ZAF,2003,42.2
South Africa,ZAF,2004,39.4
South Africa,ZAF,2005,38.9
South Africa,ZAF,2006,39.2
South Africa,ZAF,2007,37.2
South Africa,ZAF,2008,36
South Africa,ZAF,2009,33
South Africa,ZAF,2010,30.9
South Africa,ZAF,2011,29.9
South Africa,ZAF,2012,30.7
South Africa,ZAF,2013,31.7
South Africa,ZAF,2014,33
South Africa,ZAF,2015,34.3
South Sudan,SSD,2012,13.7
Spain,ESP,1995,1.0424372395714
Spain,ESP,1996,1.00456716212155
Spain,ESP,1997,1.16893652427252
Spain,ESP,1998,1.31373525561828
Spain,ESP,1999,1.21655384339648
Spain,ESP,2000,1.4
Spain,ESP,2001,1.4
Spain,ESP,2002,1.3
Spain,ESP,2003,1.4
Spain,ESP,2004,1.2
Spain,ESP,2005,1.2
Spain,ESP,2006,1.1
Spain,ESP,2007,1.1
Spain,ESP,2008,0.9
Spain,ESP,2009,0.9
Spain,ESP,2010,0.9
Spain,ESP,2011,0.8
Spain,ESP,2012,0.8
Spain,ESP,2013,0.7
Spain,ESP,2014,0.7
Spain,ESP,2015,0.7
Sri Lanka,LKA,2003,6.8
Sri Lanka,LKA,2004,7.1
Sri Lanka,LKA,2005,6.3
Sri Lanka,LKA,2006,10.4
Sri Lanka,LKA,2007,8.4
Sri Lanka,LKA,2008,10
Sri Lanka,LKA,2009,5.5
Sri Lanka,LKA,2010,3.8
Sri Lanka,LKA,2011,3.6
Sri Lanka,LKA,2012,3.3
Sri Lanka,LKA,2013,2.9
St. Kitts and Nevis,KNA,1995,9.27622272210756
St. Kitts and Nevis,KNA,1996,9.15038660383401
St. Kitts and Nevis,KNA,1997,15.8006410545799
St. Kitts and Nevis,KNA,1998,17.822135091784
St. Kitts and Nevis,KNA,1999,13.1929022186064
St. Kitts and Nevis,KNA,2000,6.6
St. Kitts and Nevis,KNA,2001,13
St. Kitts and Nevis,KNA,2002,10.7
St. Kitts and Nevis,KNA,2003,21
St. Kitts and Nevis,KNA,2004,22.7
St. Kitts and Nevis,KNA,2005,16.3
St. Kitts and Nevis,KNA,2006,34.1
St. Kitts and Nevis,KNA,2007,31.7
St. Kitts and Nevis,KNA,2008,45
St. Kitts and Nevis,KNA,2009,52.2
St. Kitts and Nevis,KNA,2010,40.1
St. Kitts and Nevis,KNA,2011,64.2
St. Kitts and Nevis,KNA,2012,33.6
St. Lucia,LCA,2000,14.7
St. Lucia,LCA,2001,21.4
St. Lucia,LCA,2002,26.2
St. Lucia,LCA,2003,22.3
St. Lucia,LCA,2004,22.6
St. Lucia,LCA,2005,24.8
St. Lucia,LCA,2006,25.6
St. Lucia,LCA,2007,17
St. Lucia,LCA,2008,22.6
St. Lucia,LCA,2009,22.3
St. Lucia,LCA,2010,24.8
St. Lucia,LCA,2012,21.6
St. Vincent and the Grenadines,VCT,1995,18.5036128304051
St. Vincent and the Grenadines,VCT,1996,22.2121444899999
St. Vincent and the Grenadines,VCT,1997,8.334954018837
St. Vincent and the Grenadines,VCT,1998,22.2413745169451
St. Vincent and the Grenadines,VCT,1999,12.9787056522263
St. Vincent and the Grenadines,VCT,2000,18.5
St. Vincent and the Grenadines,VCT,2001,11.1
St. Vincent and the Grenadines,VCT,2002,18.5
St. Vincent and the Grenadines,VCT,2003,16.6
St. Vincent and the Grenadines,VCT,2004,25.8
St. Vincent and the Grenadines,VCT,2005,21.1
St. Vincent and the Grenadines,VCT,2006,11.9
St. Vincent and the Grenadines,VCT,2007,33
St. Vincent and the Grenadines,VCT,2008,14.7
St. Vincent and the Grenadines,VCT,2009,18.3
St. Vincent and the Grenadines,VCT,2010,22.9
St. Vincent and the Grenadines,VCT,2011,19.2
St. Vincent and the Grenadines,VCT,2012,25.6
Sudan,SDN,2005,7.5
Sudan,SDN,2010,6.8
Sudan,SDN,2015,6.5
Suriname,SUR,2005,3.1
Suriname,SUR,2010,9.5
Suriname,SUR,2015,10.7
Swaziland,SWZ,2001,18.8
Swaziland,SWZ,2002,12.9
Swaziland,SWZ,2003,13.2
Swaziland,SWZ,2004,13.3
Swaziland,SWZ,2005,13.8
Swaziland,SWZ,2006,10.8
Swaziland,SWZ,2007,15
Swaziland,SWZ,2008,18.8
Swaziland,SWZ,2009,15.9
Swaziland,SWZ,2010,17.4
Swaziland,SWZ,2013,8.2
Sweden,SWE,1995,0.940302249395573
Sweden,SWE,1996,1.0963646920385
Sweden,SWE,1997,1.02779171383026
Sweden,SWE,1998,1.05053289128114
Sweden,SWE,1999,1.11832979816858
Sweden,SWE,2000,1.1
Sweden,SWE,2001,0.1
Sweden,SWE,2002,1.1
Sweden,SWE,2003,0.9
Sweden,SWE,2004,1.1
Sweden,SWE,2005,0.9
Sweden,SWE,2006,1
Sweden,SWE,2007,1.2
Sweden,SWE,2008,0.9
Sweden,SWE,2009,1
Sweden,SWE,2010,1
Sweden,SWE,2011,0.9
Sweden,SWE,2012,0.7
Sweden,SWE,2013,0.9
Sweden,SWE,2014,0.9
Sweden,SWE,2015,1.1
Switzerland,CHE,1995,1.16830718842316
Switzerland,CHE,1996,1.17547705603329
Switzerland,CHE,1997,1.22699680684659
Switzerland,CHE,1998,1.06847399980992
Switzerland,CHE,1999,1.2470679890258
Switzerland,CHE,2000,0.96
Switzerland,CHE,2001,1.2
Switzerland,CHE,2002,1.2
Switzerland,CHE,2003,1
Switzerland,CHE,2004,1.1
Switzerland,CHE,2005,1
Switzerland,CHE,2006,0.8
Switzerland,CHE,2007,0.7
Switzerland,CHE,2008,0.7
Switzerland,CHE,2009,0.7
Switzerland,CHE,2010,0.7
Switzerland,CHE,2011,0.6
Switzerland,CHE,2012,0.6
Switzerland,CHE,2013,0.7
Switzerland,CHE,2014,0.5
Switzerland,CHE,2015,0.7
Syrian Arab Republic,SYR,1997,1.99239872960349
Syrian Arab Republic,SYR,1998,2.21047919768026
Syrian Arab Republic,SYR,1999,2.11907493004003
Syrian Arab Republic,SYR,2000,2.2
Syrian Arab Republic,SYR,2001,2.3
Syrian Arab Republic,SYR,2002,2.2
Syrian Arab Republic,SYR,2003,2.3
Syrian Arab Republic,SYR,2004,2.4
Syrian Arab Republic,SYR,2005,2.4
Syrian Arab Republic,SYR,2006,2.4
Syrian Arab Republic,SYR,2007,2.7
Syrian Arab Republic,SYR,2008,2.6
Syrian Arab Republic,SYR,2009,2.3
Syrian Arab Republic,SYR,2010,2.2
Tajikistan,TJK,1995,7.53194062268198
Tajikistan,TJK,1996,8.25891493556511
Tajikistan,TJK,1997,8.37653218632032
Tajikistan,TJK,1998,8.1457596592783
Tajikistan,TJK,1999,5.84836707693699
Tajikistan,TJK,2006,3.1
Tajikistan,TJK,2007,2.2
Tajikistan,TJK,2008,1.6
Tajikistan,TJK,2009,1.8
Tajikistan,TJK,2010,2
Tajikistan,TJK,2011,1.9
Tajikistan,TJK,2012,1.3
Tajikistan,TJK,2013,1.4
Tanzania,TZA,2010,8.5
Tanzania,TZA,2011,8.8
Tanzania,TZA,2012,8.4
Tanzania,TZA,2013,7.4
Tanzania,TZA,2014,7.5
Tanzania,TZA,2015,7
Thailand,THA,1995,7.6143973937906
Thailand,THA,1996,7.42472636008366
Thailand,THA,1997,7.85607293639164
Thailand,THA,1998,8.69439944931902
Thailand,THA,1999,8.09503312514154
Thailand,THA,2000,8.2
Thailand,THA,2001,7.9
Thailand,THA,2002,7.1
Thailand,THA,2003,9.9
Thailand,THA,2004,6.5
Thailand,THA,2005,7.3
Thailand,THA,2006,7.1
Thailand,THA,2007,6.7
Thailand,THA,2008,6
Thailand,THA,2009,5.6
Thailand,THA,2010,5.5
Thailand,THA,2011,4.9
Thailand,THA,2012,4.9
Thailand,THA,2013,4.3
Thailand,THA,2014,3.9
Thailand,THA,2015,3.5
Timor-Leste,TLS,2004,2.4
Timor-Leste,TLS,2005,4.6
Timor-Leste,TLS,2006,4.9
Timor-Leste,TLS,2007,6.1
Timor-Leste,TLS,2008,3.4
Timor-Leste,TLS,2009,3.1
Timor-Leste,TLS,2010,3.7
Togo,TGO,2005,10.9
Togo,TGO,2010,9.8
Togo,TGO,2015,9.1
Tonga,TON,2000,1
Tonga,TON,2001,6.1
Tonga,TON,2002,6.1
Tonga,TON,2003,6
Tonga,TON,2004,2
Tonga,TON,2005,4
Tonga,TON,2006,7.9
Tonga,TON,2007,1
Tonga,TON,2008,3.9
Tonga,TON,2009,7.7
Tonga,TON,2010,1
Tonga,TON,2011,1.9
Tonga,TON,2012,1
Trinidad and Tobago,TTO,2000,9.5
Trinidad and Tobago,TTO,2001,11.9
Trinidad and Tobago,TTO,2002,13.4
Trinidad and Tobago,TTO,2003,17.8
Trinidad and Tobago,TTO,2004,20.1
Trinidad and Tobago,TTO,2005,29.8
Trinidad and Tobago,TTO,2006,28.5
Trinidad and Tobago,TTO,2007,29.9
Trinidad and Tobago,TTO,2008,41.6
Trinidad and Tobago,TTO,2009,38.4
Trinidad and Tobago,TTO,2010,35.6
Trinidad and Tobago,TTO,2011,26.4
Trinidad and Tobago,TTO,2012,28.3
Trinidad and Tobago,TTO,2013,30.3
Trinidad and Tobago,TTO,2014,29.9
Trinidad and Tobago,TTO,2015,30.9
Tunisia,TUN,2004,1.9
Tunisia,TUN,2005,2.6
Tunisia,TUN,2006,2.4
Tunisia,TUN,2007,2.7
Tunisia,TUN,2008,2.7
Tunisia,TUN,2009,2.4
Tunisia,TUN,2010,2.7
Tunisia,TUN,2012,3.1
Turkey,TUR,2003,4.3
Turkey,TUR,2004,4.4
Turkey,TUR,2005,4.9
Turkey,TUR,2006,4.6
Turkey,TUR,2007,5.2
Turkey,TUR,2008,4.6
Turkey,TUR,2009,5.2
Turkey,TUR,2010,4.2
Turkey,TUR,2011,4.2
Turkey,TUR,2012,4.3
Turkmenistan,TKM,1995,6.42309832115969
Turkmenistan,TKM,1996,7.82624792334963
Turkmenistan,TKM,1997,8.25647470209232
Turkmenistan,TKM,1998,7.84930606446487
Turkmenistan,TKM,1999,7.21441210295168
Turkmenistan,TKM,2005,4.9
Turkmenistan,TKM,2010,4.5
Turkmenistan,TKM,2015,4.2
Turks and Caicos Islands,TCA,1998,0
Turks and Caicos Islands,TCA,1999,0
Turks and Caicos Islands,TCA,2000,0
Turks and Caicos Islands,TCA,2001,0
Turks and Caicos Islands,TCA,2002,11.3
Turks and Caicos Islands,TCA,2003,0
Turks and Caicos Islands,TCA,2004,0
Turks and Caicos Islands,TCA,2005,0
Turks and Caicos Islands,TCA,2008,6.8
Turks and Caicos Islands,TCA,2009,6.6
Tuvalu,TUV,2002,0
Tuvalu,TUV,2003,0
Tuvalu,TUV,2004,0
Tuvalu,TUV,2005,0
Tuvalu,TUV,2006,0
Tuvalu,TUV,2007,0
Tuvalu,TUV,2008,0
Tuvalu,TUV,2009,0
Tuvalu,TUV,2010,10.2
Tuvalu,TUV,2011,10.2
Tuvalu,TUV,2012,20.3
Uganda,UGA,2003,8.1
Uganda,UGA,2004,7.6
Uganda,UGA,2005,8.9
Uganda,UGA,2006,9.3
Uganda,UGA,2007,8.8
Uganda,UGA,2008,9
Uganda,UGA,2009,10.1
Uganda,UGA,2010,9.5
Uganda,UGA,2011,11
Uganda,UGA,2012,11.5
Uganda,UGA,2013,10.5
Uganda,UGA,2014,11.8
Ukraine,UKR,1995,8.62060162996857
Ukraine,UKR,1996,9.64285910536129
Ukraine,UKR,1997,8.40437322981275
Ukraine,UKR,1998,8.41353686939213
Ukraine,UKR,1999,8.60914571629369
Ukraine,UKR,2003,7.6
Ukraine,UKR,2004,7.4
Ukraine,UKR,2005,6.5
Ukraine,UKR,2006,6.3
Ukraine,UKR,2007,5.7
Ukraine,UKR,2008,5.3
Ukraine,UKR,2009,4.8
Ukraine,UKR,2010,4.4
United Arab Emirates,ARE,2010,0.8
United Arab Emirates,ARE,2011,0.6
United Arab Emirates,ARE,2012,0.8
United Arab Emirates,ARE,2013,0.6
United Arab Emirates,ARE,2014,0.7
United Arab Emirates,ARE,2015,0.7
United Kingdom,GBR,1995,1.46863785301919
United Kingdom,GBR,1996,1.32075471698113
United Kingdom,GBR,1997,1.433281613654
United Kingdom,GBR,1998,1.45011600928074
United Kingdom,GBR,1999,1.47497737469432
United Kingdom,GBR,2000,1.7
United Kingdom,GBR,2001,1.8
United Kingdom,GBR,2002,2
United Kingdom,GBR,2003,1.7
United Kingdom,GBR,2004,1.6
United Kingdom,GBR,2005,1.5
United Kingdom,GBR,2006,1.4
United Kingdom,GBR,2007,1.4
United Kingdom,GBR,2008,1.2
United Kingdom,GBR,2009,1.1
United Kingdom,GBR,2010,1.2
United Kingdom,GBR,2011,1
United Kingdom,GBR,2012,1
United Kingdom,GBR,2013,0.9
United Kingdom,GBR,2014,0.9
United States,USA,1995,8.11268340776424
United States,USA,1996,7.29230303409696
United States,USA,1997,6.67832194250555
United States,USA,1998,6.15031036783624
United States,USA,1999,5.55746449436471
United States,USA,2000,5.5
United States,USA,2001,6.7
United States,USA,2002,5.6
United States,USA,2003,5.7
United States,USA,2004,5.5
United States,USA,2005,5.7
United States,USA,2006,5.8
United States,USA,2007,5.7
United States,USA,2008,5.4
United States,USA,2009,5
United States,USA,2010,4.8
United States,USA,2011,4.7
United States,USA,2012,4.7
United States,USA,2013,4.5
United States,USA,2014,4.4
United States,USA,2015,4.9
Uruguay,URY,2000,6.4
Uruguay,URY,2001,6.6
Uruguay,URY,2002,6.9
Uruguay,URY,2003,5.9
Uruguay,URY,2004,5.8
Uruguay,URY,2005,5.7
Uruguay,URY,2006,6.1
Uruguay,URY,2007,5.8
Uruguay,URY,2008,6.6
Uruguay,URY,2009,6.7
Uruguay,URY,2010,6.1
Uruguay,URY,2011,5.9
Uruguay,URY,2012,7.9
Uruguay,URY,2013,7.6
Uruguay,URY,2014,7.8
Uruguay,URY,2015,8.4
Uzbekistan,UZB,1995,5.04813464007738
Uzbekistan,UZB,1996,4.9384403916967
Uzbekistan,UZB,1997,4.43757298944472
Uzbekistan,UZB,1998,4.41406371263708
Uzbekistan,UZB,1999,4.14394461597587
Uzbekistan,UZB,2005,3.6
Uzbekistan,UZB,2010,3.2
Uzbekistan,UZB,2015,3
Vanuatu,VUT,2005,2.5
Vanuatu,VUT,2010,2.3
Vanuatu,VUT,2015,2.1
"Venezuela, RB",VEN,1995,20.335913345501
"Venezuela, RB",VEN,1996,22.0496258363835
"Venezuela, RB",VEN,1997,18.3997880692813
"Venezuela, RB",VEN,1998,19.4242415730169
"Venezuela, RB",VEN,1999,24.9851242639426
"Venezuela, RB",VEN,2000,32.8
"Venezuela, RB",VEN,2001,31.9
"Venezuela, RB",VEN,2002,37.9
"Venezuela, RB",VEN,2003,43.9
"Venezuela, RB",VEN,2004,36.9
"Venezuela, RB",VEN,2005,37.2
"Venezuela, RB",VEN,2006,45
"Venezuela, RB",VEN,2007,47.5
"Venezuela, RB",VEN,2008,51.9
"Venezuela, RB",VEN,2009,49
"Venezuela, RB",VEN,2010,45.1
"Venezuela, RB",VEN,2011,47.9
"Venezuela, RB",VEN,2012,53.8
"Venezuela, RB",VEN,2014,62
"Venezuela, RB",VEN,2015,57.1
Vietnam,VNM,2001,1.2
Vietnam,VNM,2002,1.3
Vietnam,VNM,2003,1.3
Vietnam,VNM,2004,1.3
Vietnam,VNM,2005,1.3
Vietnam,VNM,2006,1.2
Vietnam,VNM,2007,1.4
Vietnam,VNM,2008,1.3
Vietnam,VNM,2009,1.4
Vietnam,VNM,2010,1.5
Vietnam,VNM,2011,1.5
Virgin Islands (U.S.),VIR,1999,24.9
Virgin Islands (U.S.),VIR,2000,22.1
Virgin Islands (U.S.),VIR,2001,25.8
Virgin Islands (U.S.),VIR,2002,37.8
Virgin Islands (U.S.),VIR,2003,28.5
Virgin Islands (U.S.),VIR,2004,34.2
Virgin Islands (U.S.),VIR,2005,32.5
Virgin Islands (U.S.),VIR,2006,40
Virgin Islands (U.S.),VIR,2007,40.1
Virgin Islands (U.S.),VIR,2008,42.1
Virgin Islands (U.S.),VIR,2009,46.9
Virgin Islands (U.S.),VIR,2010,52.6
West Bank and Gaza,PSE,1995,1.19401191469825
West Bank and Gaza,PSE,1996,4.41234220361194
West Bank and Gaza,PSE,1997,1.57985703347085
West Bank and Gaza,PSE,1998,1.51203021641184
West Bank and Gaza,PSE,1999,1.7449125297968
West Bank and Gaza,PSE,2003,2.7
West Bank and Gaza,PSE,2004,4.1
West Bank and Gaza,PSE,2005,4.1
West Bank and Gaza,PSE,2008,1.2
West Bank and Gaza,PSE,2009,1.1
West Bank and Gaza,PSE,2010,0.7
West Bank and Gaza,PSE,2011,0.6
West Bank and Gaza,PSE,2012,0.6
"Yemen, Rep.",YEM,2000,3.9
"Yemen, Rep.",YEM,2003,3.6
"Yemen, Rep.",YEM,2004,3.2
"Yemen, Rep.",YEM,2005,4.6
"Yemen, Rep.",YEM,2006,4.2
"Yemen, Rep.",YEM,2007,3.9
"Yemen, Rep.",YEM,2008,3.9
"Yemen, Rep.",YEM,2009,4.3
"Yemen, Rep.",YEM,2010,4.7
"Yemen, Rep.",YEM,2011,5.7
"Yemen, Rep.",YEM,2012,6.5
"Yemen, Rep.",YEM,2013,6.7
Zambia,ZMB,1998,9.00634968309423
Zambia,ZMB,1999,10.7791614274948
Zambia,ZMB,2008,5.3
Zambia,ZMB,2009,6
Zambia,ZMB,2010,5.8
Zimbabwe,ZWE,2001,12.1
Zimbabwe,ZWE,2002,12.8
Zimbabwe,ZWE,2003,10.6
Zimbabwe,ZWE,2004,10.5
Zimbabwe,ZWE,2005,10.4
Zimbabwe,ZWE,2006,8.2
Zimbabwe,ZWE,2010,5.1
Zimbabwe,ZWE,2012,6.7
